,streamer,Links_To,count
0,lilypichu,39daph,2
1,lilypichu,AnnChan295,1
2,lilypichu,AsianGuyStream,1
3,lilypichu,Brofain,1
4,lilypichu,ClashOfClans,1
5,lilypichu,Couriway,1
6,lilypichu,Darlz_,1
7,lilypichu,Demon,1
8,lilypichu,DisguisedToast,1
9,lilypichu,FeelsIncredibleMan,1
10,lilypichu,GameWithKiwi,1
11,lilypichu,GoodTimesWithScar,1
12,lilypichu,GratisStatus,1
13,lilypichu,Hoonigan,1
14,lilypichu,JayzTwoCents,1
15,lilypichu,JimmyHere,1
16,lilypichu,JjSaniTy2,1
17,lilypichu,JustaMinx,1
18,lilypichu,KristoferYee,1
19,lilypichu,Lacari,1
20,lilypichu,London2191,1
21,lilypichu,MaxVerstappen,1
22,lilypichu,Namikolinx,1
23,lilypichu,Natsumiii,1
24,lilypichu,OfflineTV,1
25,lilypichu,OliviaChiaki,1
26,lilypichu,QuestCape,1
27,lilypichu,RayTheGreatYT,1
28,lilypichu,RocketLeague,1
29,lilypichu,Scarra,1
30,lilypichu,Scouppi,1
31,lilypichu,SeeGreed,1
32,lilypichu,Shy_,1
33,lilypichu,SquidGame,1
34,lilypichu,Stressmonster,1
35,lilypichu,Stylosa,1
36,lilypichu,Sykkuno,1
37,lilypichu,TangoTek,1
38,lilypichu,TheFatRatTV,1
39,lilypichu,Theonemanny,1
40,lilypichu,Welsknight,1
41,lilypichu,Xisuma,1
42,lilypichu,ZedaphPlays,1
43,lilypichu,amewlul,1
44,lilypichu,bnans,1
45,lilypichu,brandilauren_,1
46,lilypichu,btsrocketleague,1
47,lilypichu,bwaaap,1
48,lilypichu,chinderella_gg,1
49,lilypichu,dish,1
50,lilypichu,fuslie,1
51,lilypichu,gemothy,1
52,lilypichu,iskall85,1
53,lilypichu,jankylankyTV,1
54,lilypichu,justin,1
55,lilypichu,karljacobs,1
56,lilypichu,kkatamina,1
57,lilypichu,landonorris,1
58,lilypichu,loltyler1,1
59,lilypichu,ludwig,1
60,lilypichu,michaelreeves,1
61,lilypichu,mr_goxx,1
62,lilypichu,nekkopii,1
63,lilypichu,pokimane,1
64,lilypichu,quqco,1
65,lilypichu,rojeanviel,1
66,lilypichu,thejonathon,1
67,lilypichu,tinketinke,1
68,lilypichu,tuonto,1
69,lilypichu,xChocoBars,1
70,lilypichu,xQcOW,1
71,lilypichu,yashaaachan,1
72,lilypichu,yvonnie,1
73,39daph,AverageJonas,2
74,39daph,Demon,1
75,39daph,Emiru,1
76,39daph,Emmyuh,1
77,39daph,Enviosity,1
78,39daph,FeelsIncredibleMan,1
79,39daph,FrtingGlitter,1
80,39daph,Hiko,1
81,39daph,Infernallyy,1
82,39daph,Jankos,1
83,39daph,JimmyHere,1
84,39daph,Kalei,1
85,39daph,KelseyDangerous,1
86,39daph,Lacari,1
87,39daph,Loserfruit,1
88,39daph,Luvonox,1
89,39daph,Maya,1
90,39daph,Mizkif,1
91,39daph,Mongraal,1
92,39daph,NedPT,1
93,39daph,Ninja,1
94,39daph,Nmplol,1
95,39daph,OfficialBoaster,1
96,39daph,OneUpOrganizer,1
97,39daph,PRXf0rsakeN,1
98,39daph,Pr0phie,1
99,39daph,QuestCape,1
100,39daph,RATIRL,1
101,39daph,RanbooLive,1
102,39daph,Riot Games,1
103,39daph,Rusteeze_,1
104,39daph,Shy_,1
105,39daph,Subroza,1
106,39daph,Sykkuno,1
107,39daph,TenZ,1
108,39daph,TheMrDrFishy,1
109,39daph,Tilde_Fox,1
110,39daph,VALORANT,1
111,39daph,Valeria7K,1
112,39daph,WARDELL,1
113,39daph,ZachaREEEE,1
114,39daph,a_babybay,1
115,39daph,antonychenn,1
116,39daph,bnans,1
117,39daph,btssmash,1
118,39daph,clintonkanemusic,1
119,39daph,coco__glez,1
120,39daph,eaJParkOfficial,1
121,39daph,erobb221,1
122,39daph,ethos,1
123,39daph,forsen,1
124,39daph,fuslie,1
125,39daph,havoopay,1
126,39daph,iNub,1
127,39daph,imls,1
128,39daph,justin,1
129,39daph,kato_kat,1
130,39daph,kkatamina,1
131,39daph,lilsimsie,1
132,39daph,lilypichu,1
133,39daph,loltyler1,1
134,39daph,mady,1
135,39daph,mivyard,1
136,39daph,pokimane,1
137,39daph,richwcampbell,1
138,39daph,roflgator,1
139,39daph,sOFrOsTy,1
140,39daph,sharky,1
141,39daph,shroud,1
142,39daph,tarik,1
143,39daph,treeasyy,1
144,39daph,tsukislice,1
145,39daph,vinnie,1
146,39daph,xQcOW,1
147,39daph,yvonnie,1
148,39daph,zoodasa,1
149,39daph,박대봉,1
150,39daph,소행성612,1
151,39daph,한동숙,1
152,AsianGuyStream,AdinRoss,2
153,AsianGuyStream,Alymew,1
154,AsianGuyStream,AndrewRafaelKim,1
155,AsianGuyStream,Birlap,1
156,AsianGuyStream,Enviosity,1
157,AsianGuyStream,Ereen20,1
158,AsianGuyStream,GenshinImpactOfficial,1
159,AsianGuyStream,GratisStatus,1
160,AsianGuyStream,Joe_Bartolozzi,1
161,AsianGuyStream,MTashed,1
162,AsianGuyStream,Mogawty,1
163,AsianGuyStream,OkCode,1
164,AsianGuyStream,TaesungTao,1
165,AsianGuyStream,TakaGGUwU,1
166,AsianGuyStream,Tectone,1
167,AsianGuyStream,TenhaTV,1
168,AsianGuyStream,akron,1
169,AsianGuyStream,antonychenn,1
170,AsianGuyStream,brandonthelover,1
171,AsianGuyStream,bwaaap,1
172,AsianGuyStream,daiacity,1
173,AsianGuyStream,dannyphantomexe,1
174,AsianGuyStream,dish,1
175,AsianGuyStream,dollopofdaisy_,1
176,AsianGuyStream,fritzzes,1
177,AsianGuyStream,itsyunnie,1
178,AsianGuyStream,larray,1
179,AsianGuyStream,lilypichu,1
180,AsianGuyStream,medicalquackery,1
181,AsianGuyStream,nekkopii,1
182,AsianGuyStream,thgquoc,1
183,AsianGuyStream,tommyinnit,1
184,AsianGuyStream,tuonto,1
185,ClashOfClans,AdamCarnage,1
186,ClashOfClans,AdinRoss,1
187,ClashOfClans,Alidicera,1
188,ClashOfClans,AmirKhiabani,1
189,ClashOfClans,Amouranth,1
190,ClashOfClans,Bigezmoge,1
191,ClashOfClans,Bloodhuntgame,1
192,ClashOfClans,Bugha,1
193,ClashOfClans,ClashRoyaleESP,1
194,ClashOfClans,DonkDJ,1
195,ClashOfClans,DuckyTheGamer,1
196,ClashOfClans,ElMariana,1
197,ClashOfClans,ElSpreen,1
198,ClashOfClans,FaZeBanks,1
199,ClashOfClans,Fortnite,1
200,ClashOfClans,Fresh,1
201,ClashOfClans,GrantTheGoatFNM,1
202,ClashOfClans,Greekgodx,1
203,ClashOfClans,H1ghSky1,1
204,ClashOfClans,Hurdlegang,1
205,ClashOfClans,JDCR,1
206,ClashOfClans,Jupiros,1
207,ClashOfClans,Kalei,1
208,ClashOfClans,KeqingMains,1
209,ClashOfClans,Kira,1
210,ClashOfClans,LakshartNia,1
211,ClashOfClans,Launcelotdev92,1
212,ClashOfClans,LexnosTG,1
213,ClashOfClans,LordKreamor,1
214,ClashOfClans,ManuuXO,1
215,ClashOfClans,Mayichi,1
216,ClashOfClans,Mictia00,1
217,ClashOfClans,Minecraft,1
218,ClashOfClans,MmdFletcheR,1
219,ClashOfClans,MuTeX,1
220,ClashOfClans,Ninja,1
221,ClashOfClans,OkCode,1
222,ClashOfClans,PapoMC,1
223,ClashOfClans,RasecOrcust,1
224,ClashOfClans,RobertoCein,1
225,ClashOfClans,Robleis,1
226,ClashOfClans,SSNSANTA,1
227,ClashOfClans,Scop3s_,1
228,ClashOfClans,StableRonaldo,1
229,ClashOfClans,Symfuhny,1
230,ClashOfClans,TheAlvaro845,1
231,ClashOfClans,TheGrefg,1
232,ClashOfClans,The_SteFFaN,1
233,ClashOfClans,Trey24k,1
234,ClashOfClans,YolaMartinez,1
235,ClashOfClans,Zemie,1
236,ClashOfClans,aXoZer,1
237,ClashOfClans,aranzaar_,1
238,ClashOfClans,artewis_,1
239,ClashOfClans,artsi_kairi,1
240,ClashOfClans,axfielder89,1
241,ClashOfClans,belola9902,1
242,ClashOfClans,benymunoz,1
243,ClashOfClans,coscu,1
244,ClashOfClans,dish,1
245,ClashOfClans,don_roblez,1
246,ClashOfClans,flores_mz,1
247,ClashOfClans,francoescamilla,1
248,ClashOfClans,ibai,1
249,ClashOfClans,imZlabo,1
250,ClashOfClans,itsmedor,1
251,ClashOfClans,itzu_gaming,1
252,ClashOfClans,nonadnn,1
253,ClashOfClans,ohjess_gm,1
254,ClashOfClans,panizmlkz,1
255,ClashOfClans,pixiieow,1
256,ClashOfClans,skiper_rmz1,1
257,ClashOfClans,sksolokiller,1
258,ClashOfClans,stevewillsendit,1
259,ClashOfClans,suziegaming,1
260,ClashOfClans,tinyoNeplays,1
261,ClashOfClans,x2Twins,1
262,ClashOfClans,xFaRgAnx,1
263,ClashOfClans,xXxTheFocuSxXx,1
264,ClashOfClans,xoAeriel,1
265,Couriway,AlbinoLiger,2
266,Couriway,Amouranth,1
267,Couriway,BOOSFER,1
268,Couriway,BadBoyHalo,1
269,Couriway,BoneCrusherOw,1
270,Couriway,Bren,1
271,Couriway,DougThePig,1
272,Couriway,ESL_CSGO,1
273,Couriway,Feinberg,1
274,Couriway,FlowAscending,1
275,Couriway,GeorgeNotFound,1
276,Couriway,Georgelion66,1
277,Couriway,GlueeByBladee,1
278,Couriway,HowToNoodle,1
279,Couriway,JokerdTV,1
280,Couriway,MonarchsEsports,1
281,Couriway,Nmplol,1
282,Couriway,PandasOCE,1
283,Couriway,PdePaula,1
284,Couriway,PhoenixSCLive,1
285,Couriway,Punz,1
286,Couriway,Quackity,1
287,Couriway,QuackityToo,1
288,Couriway,RanbooLive,1
289,Couriway,Sapnap,1
290,Couriway,ScaryRussianWizard,1
291,Couriway,Seapeekay,1
292,Couriway,Slyfishas_,1
293,Couriway,Stoxios,1
294,Couriway,StreamMemeee,1
295,Couriway,TaehaTypes,1
296,Couriway,Technoblade,1
297,Couriway,Tfue,1
298,Couriway,TheNoxcrew,1
299,Couriway,Tubbo,1
300,Couriway,Wallibear,1
301,Couriway,YTDimucc,1
302,Couriway,aceu,1
303,Couriway,babztv1,1
304,Couriway,beautie_,1
305,Couriway,camman18,1
306,Couriway,dacvucat,1
307,Couriway,dreamwastaken,1
308,Couriway,eyeamvas,1
309,Couriway,gregrenko,1
310,Couriway,hoaxxs_,1
311,Couriway,illuminanomic,1
312,Couriway,kieranddev,1
313,Couriway,largeAdvantage,1
314,Couriway,lemonadetvlive,1
315,Couriway,logic,1
316,Couriway,ludwig,1
317,Couriway,moistcr1tikal,1
318,Couriway,mrbeast6000,1
319,Couriway,pokimane,1
320,Couriway,robcdee,1
321,Couriway,s0mcs,1
322,Couriway,silverrruns,1
323,Couriway,sunshinebread,1
324,Couriway,techneoblade,1
325,Couriway,tommyinnit,1
326,Couriway,tommysalamiwow,1
327,Couriway,uwuvil,1
328,Couriway,wsps,1
329,Couriway,yellowool,1
330,Couriway,쁘로핏,1
331,DisguisedToast,Alliestrasza,2
332,DisguisedToast,Bigfoltz,1
333,DisguisedToast,Brofain,1
334,DisguisedToast,ClashOfClans,1
335,DisguisedToast,CohhCarnage,1
336,DisguisedToast,Corpse_Husband,1
337,DisguisedToast,Diegosaurs,1
338,DisguisedToast,Enviosity,1
339,DisguisedToast,Froggen,1
340,DisguisedToast,GenshinImpactOfficial,1
341,DisguisedToast,GoodTimesWithScar,1
342,DisguisedToast,HuzzyGames,1
343,DisguisedToast,Jinnytty,1
344,DisguisedToast,JyojiBH,1
345,DisguisedToast,LCK_Korea,1
346,DisguisedToast,Mathil1,1
347,DisguisedToast,Max_Fewtrell,1
348,DisguisedToast,MoudiLive,1
349,DisguisedToast,Natsumiii,1
350,DisguisedToast,Nic0le,1
351,DisguisedToast,OfflineTV,1
352,DisguisedToast,PandiPeruvi,1
353,DisguisedToast,Redrum_gamin,1
354,DisguisedToast,Riot Games,1
355,DisguisedToast,Savix,1
356,DisguisedToast,Scarra,1
357,DisguisedToast,Stressmonster,1
358,DisguisedToast,Sykkuno,1
359,DisguisedToast,TSM_ImperialHal,1
360,DisguisedToast,TangoTek,1
361,DisguisedToast,Tempplex_,1
362,DisguisedToast,TheAn1meMan,1
363,DisguisedToast,TrashTastePodcast,1
364,DisguisedToast,VaporaDark,1
365,DisguisedToast,Welsknight,1
366,DisguisedToast,Xisuma,1
367,DisguisedToast,ZedaphPlays,1
368,DisguisedToast,antagonywow,1
369,DisguisedToast,boxbox,1
370,DisguisedToast,dogdog,1
371,DisguisedToast,dopa24,1
372,DisguisedToast,dota2ti,1
373,DisguisedToast,fukobun,1
374,DisguisedToast,fuslie,1
375,DisguisedToast,itsHafu,1
376,DisguisedToast,jacksepticeye,1
377,DisguisedToast,karljacobs,1
378,DisguisedToast,kkatamina,1
379,DisguisedToast,kylelandrypiano,1
380,DisguisedToast,landonorris,1
381,DisguisedToast,laty1337,1
382,DisguisedToast,lilypichu,1
383,DisguisedToast,ludwig,1
384,DisguisedToast,michaelreeves,1
385,DisguisedToast,nixozip,1
386,DisguisedToast,peterparkTV,1
387,DisguisedToast,pokimane,1
388,DisguisedToast,rprx,1
389,DisguisedToast,snajperswe,1
390,DisguisedToast,starsmitten,1
391,DisguisedToast,tarzaned,1
392,DisguisedToast,therealEsquire,1
393,DisguisedToast,yvonnie,1
394,DisguisedToast,괴물쥐123,1
395,DisguisedToast,모험러,1
396,DisguisedToast,서새봄냥,1
397,DisguisedToast,승우아빠_,1
398,DisguisedToast,39daph,1
399,DisguisedToast,AdmiralBulldog,1
400,DisguisedToast,BadBoyHalo,1
401,DisguisedToast,Blooprint,1
402,DisguisedToast,CinnamonToastKen,1
403,DisguisedToast,Corpse_Husband,1
404,DisguisedToast,CrankGameplays,1
405,DisguisedToast,DanTDM,1
406,DisguisedToast,Frost_,1
407,DisguisedToast,GeorgeNotFound,1
408,DisguisedToast,GosuGeneralTV,1
409,DisguisedToast,JohnWolfe,1
410,DisguisedToast,LeeshCapeesh,1
411,DisguisedToast,Markiplier,1
412,DisguisedToast,Ninja,1
413,DisguisedToast,NotAestheticallyHannah,1
414,DisguisedToast,OriLovesTea,1
415,DisguisedToast,Pewdiepie,1
416,DisguisedToast,QuarterJade,1
417,DisguisedToast,QueenNickiMirage,1
418,DisguisedToast,SovietWomble,1
419,DisguisedToast,Sydeon,1
420,DisguisedToast,Sykkuno,1
421,DisguisedToast,TinaKitten,1
422,DisguisedToast,Tubbo,1
423,DisguisedToast,Valkyrie,1
424,DisguisedToast,XcaliburYe,1
425,DisguisedToast,colincamacho,1
426,DisguisedToast,dreamwastaken,1
427,DisguisedToast,fuslie,1
428,DisguisedToast,generalqw,1
429,DisguisedToast,jacksepticeye,1
430,DisguisedToast,karljacobs,1
431,DisguisedToast,karlnetwork,1
432,DisguisedToast,kayisnotonline,1
433,DisguisedToast,kkatamina,1
434,DisguisedToast,lilypichu,1
435,DisguisedToast,ludwig,1
436,DisguisedToast,matthewkheafy,1
437,DisguisedToast,pokimane,1
438,DisguisedToast,s0mcs,1
439,DisguisedToast,sapnapalt,1
440,DisguisedToast,shroud,1
441,DisguisedToast,singsing,1
442,DisguisedToast,spoonkid,1
443,DisguisedToast,starsmitten,1
444,DisguisedToast,theblindboypodcast,1
445,DisguisedToast,thepizzawaffle,1
446,DisguisedToast,toehider,1
447,DisguisedToast,tommyinnit,1
448,DisguisedToast,tuonto,1
449,DisguisedToast,xQcOW,1
450,DisguisedToast,AnthonyZ,2
451,DisguisedToast,AriaSaki,1
452,DisguisedToast,Blaustoise,1
453,DisguisedToast,BrookeAB,1
454,DisguisedToast,CDawgVA,1
455,DisguisedToast,CallMeCarsonLIVE,1
456,DisguisedToast,CallahanIsCool,1
457,DisguisedToast,ChilledChaos,1
458,DisguisedToast,Corpse_Husband,1
459,DisguisedToast,DropsByPonk,1
460,DisguisedToast,Emiru,1
461,DisguisedToast,EmmaLangevin,1
462,DisguisedToast,Eret,1
463,DisguisedToast,GassyMexican,1
464,DisguisedToast,GeorgeNotFound,1
465,DisguisedToast,GettinBrunk,1
466,DisguisedToast,Grady,1
467,DisguisedToast,Jackbuzza,1
468,DisguisedToast,JonathanOng,1
469,DisguisedToast,KipSnip,1
470,DisguisedToast,Linkzzey,1
471,DisguisedToast,Minecraft,1
472,DisguisedToast,MrSamCLIVE,1
473,DisguisedToast,OfflineTV,1
474,DisguisedToast,OmarmuLIVE,1
475,DisguisedToast,Philza,1
476,DisguisedToast,QuarterJade,1
477,DisguisedToast,RanbooLive,1
478,DisguisedToast,Sapnap,1
479,DisguisedToast,SeriouslyClara,1
480,DisguisedToast,ShubbleYT,1
481,DisguisedToast,Slimecicle,1
482,DisguisedToast,Sneegsnag,1
483,DisguisedToast,Snifferish,1
484,DisguisedToast,SwaggerSouls,1
485,DisguisedToast,Sykkuno,1
486,DisguisedToast,TRUESKOTHEFLASH,1
487,DisguisedToast,Tectone,1
488,DisguisedToast,TenmaMaemi,1
489,DisguisedToast,ThatMumboJumbo,1
490,DisguisedToast,ThisIsNotGeorgeNotFound,1
491,DisguisedToast,TinaKitten,1
492,DisguisedToast,ToastFPS,1
493,DisguisedToast,WilburSoot,1
494,DisguisedToast,celestialwalkers,1
495,DisguisedToast,fuslie,1
496,DisguisedToast,hJune,1
497,DisguisedToast,itsRyanHiga,1
498,DisguisedToast,jacksepticeye,1
499,DisguisedToast,karljacobs,1
500,DisguisedToast,kkatamina,1
501,DisguisedToast,lilypichu,1
502,DisguisedToast,london_coe,1
503,DisguisedToast,ludwig,1
504,DisguisedToast,michaelreeves,1
505,DisguisedToast,peterparkTV,1
506,DisguisedToast,phosria,1
507,DisguisedToast,pokimane,1
508,DisguisedToast,skeppy,1
509,DisguisedToast,toasty,1
510,DisguisedToast,veibae,1
511,DisguisedToast,yvonnie,1
512,GoodTimesWithScar,ATP_OW,2
513,GoodTimesWithScar,AbouTimeJoey,1
514,GoodTimesWithScar,BadBoyHalo,1
515,GoodTimesWithScar,BdoubleO,1
516,GoodTimesWithScar,BellaRL_,1
517,GoodTimesWithScar,BrunoDanUy,1
518,GoodTimesWithScar,CaptainPuffy,1
519,GoodTimesWithScar,Corpse_Husband,1
520,GoodTimesWithScar,DanTDM,1
521,GoodTimesWithScar,DisguisedToast,1
522,GoodTimesWithScar,ElizabethhJo,1
523,GoodTimesWithScar,GeminiTay,1
524,GoodTimesWithScar,GeorgeNotFound,1
525,GoodTimesWithScar,Ghost_TSO,1
526,GoodTimesWithScar,HardstuckRav,1
527,GoodTimesWithScar,HasanAbi,1
528,GoodTimesWithScar,KoukiVT,1
529,GoodTimesWithScar,Kruzadar,1
530,GoodTimesWithScar,Kwebbelkop,1
531,GoodTimesWithScar,LDShadowLady,1
532,GoodTimesWithScar,Mefs,1
533,GoodTimesWithScar,MrBeardstone,1
534,GoodTimesWithScar,Musicman1017,1
535,GoodTimesWithScar,Natsumiii,1
536,GoodTimesWithScar,Not5up,1
537,GoodTimesWithScar,PearlescentMoon,1
538,GoodTimesWithScar,Philza,1
539,GoodTimesWithScar,Purplecliffe,1
540,GoodTimesWithScar,RetroRcade,1
541,GoodTimesWithScar,Riot Games,1
542,GoodTimesWithScar,Roffle,1
543,GoodTimesWithScar,SB737,1
544,GoodTimesWithScar,Scripe,1
545,GoodTimesWithScar,Smallishbeans,1
546,GoodTimesWithScar,SootHouse,1
547,GoodTimesWithScar,Stressmonster,1
548,GoodTimesWithScar,TangoTek,1
549,GoodTimesWithScar,Technoblade,1
550,GoodTimesWithScar,ThatMumboJumbo,1
551,GoodTimesWithScar,ThisIsNotGeorgeNotFound,1
552,GoodTimesWithScar,Tuesdxy,1
553,GoodTimesWithScar,V3Bear,1
554,GoodTimesWithScar,Welsknight,1
555,GoodTimesWithScar,WilburSoot,1
556,GoodTimesWithScar,Xisuma,1
557,GoodTimesWithScar,ZedaphPlays,1
558,GoodTimesWithScar,ZombieCleo,1
559,GoodTimesWithScar,beautie_,1
560,GoodTimesWithScar,c8ffin,1
561,GoodTimesWithScar,dreamwastaken,1
562,GoodTimesWithScar,eloOodie,1
563,GoodTimesWithScar,groovyybanana,1
564,GoodTimesWithScar,illumina1337,1
565,GoodTimesWithScar,iskall85,1
566,GoodTimesWithScar,ivonne_mnz,1
567,GoodTimesWithScar,joeygraceffa,1
568,GoodTimesWithScar,karljacobs,1
569,GoodTimesWithScar,karlnetwork,1
570,GoodTimesWithScar,krtzyy,1
571,GoodTimesWithScar,lovecity,1
572,GoodTimesWithScar,lunarkhlo,1
573,GoodTimesWithScar,pokimane,1
574,GoodTimesWithScar,poodwattle,1
575,GoodTimesWithScar,rendogtv,1
576,GoodTimesWithScar,theMYSTIC7hwd,1
577,GoodTimesWithScar,tommyinnit,1
578,GoodTimesWithScar,tommyinnitalt,1
579,GoodTimesWithScar,violxiv,1
580,GoodTimesWithScar,xQcOW,1
581,GoodTimesWithScar,yerkenjerken,1
582,JayzTwoCents,AnimeExpo2,2
583,JayzTwoCents,AshVandelay,1
584,JayzTwoCents,Athena,1
585,JayzTwoCents,Aydan,1
586,JayzTwoCents,Basssico,1
587,JayzTwoCents,Cailee,1
588,JayzTwoCents,Celerity,1
589,JayzTwoCents,CharliMarieTV,1
590,JayzTwoCents,CodeBullet,1
591,JayzTwoCents,CulinaryCafe,1
592,JayzTwoCents,Dangers,1
593,JayzTwoCents,DunoisKR,1
594,JayzTwoCents,E3,1
595,JayzTwoCents,FastAnne,1
596,JayzTwoCents,GetFlanked,1
597,JayzTwoCents,GradeAUnderA,1
598,JayzTwoCents,Grimmmz,1
599,JayzTwoCents,HalfRobot,1
600,JayzTwoCents,HasanAbi,1
601,JayzTwoCents,HusKerrs,1
602,JayzTwoCents,ImNio,1
603,JayzTwoCents,Insym,1
604,JayzTwoCents,JustJamie,1
605,JayzTwoCents,KatLink,1
606,JayzTwoCents,LinusTech,1
607,JayzTwoCents,MarcusTerritory,1
608,JayzTwoCents,MeikaNekoya,1
609,JayzTwoCents,MysticalBattleBunny,1
610,JayzTwoCents,PartinGtheBigBoy,1
611,JayzTwoCents,Pengu,1
612,JayzTwoCents,RB_Reynor,1
613,JayzTwoCents,Rainbow6,1
614,JayzTwoCents,RakanooLive,1
615,JayzTwoCents,RocketLeague,1
616,JayzTwoCents,Sequisha,1
617,JayzTwoCents,Shad3less,1
618,JayzTwoCents,SicK_cs,1
619,JayzTwoCents,StarLadder_cs_en,1
620,JayzTwoCents,TerranovaTech,1
621,JayzTwoCents,Testyment,1
622,JayzTwoCents,Tfue,1
623,JayzTwoCents,Z_Laner,1
624,JayzTwoCents,alwuhu,1
625,JayzTwoCents,bubb4bot,1
626,JayzTwoCents,buildzoid,1
627,JayzTwoCents,cl0wnt0wn,1
628,JayzTwoCents,coconutgamezz,1
629,JayzTwoCents,empathiise,1
630,JayzTwoCents,grosjeanromain,1
631,JayzTwoCents,iamkylechaney,1
632,JayzTwoCents,katrinareika,1
633,JayzTwoCents,mf8ar,1
634,JayzTwoCents,nerdstreet,1
635,JayzTwoCents,networkchuck,1
636,JayzTwoCents,ninjareinhardt,1
637,JayzTwoCents,okama4543,1
638,JayzTwoCents,scump,1
639,JayzTwoCents,shilynnvelez,1
640,JayzTwoCents,thrilluwu,1
641,JayzTwoCents,valorantesports2,1
642,JayzTwoCents,wrkhrs3,1
643,JayzTwoCents,xQcOW,1
644,JimmyHere,39daph,2
645,JimmyHere,Alienware,1
646,JimmyHere,Apryze,1
647,JimmyHere,Blue_Vtuber,1
648,JimmyHere,Boomrazzle,1
649,JimmyHere,Chanzes,1
650,JimmyHere,Classify,1
651,JimmyHere,CodyChaos,1
652,JimmyHere,Demon,1
653,JimmyHere,DerKegy,1
654,JimmyHere,Draxzter,1
655,JimmyHere,FeelsIncredibleMan,1
656,JimmyHere,Fextralife,1
657,JimmyHere,G4M3RWOLF,1
658,JimmyHere,GentleFoxASMR,1
659,JimmyHere,INSCOPE21TV,1
660,JimmyHere,Jameskii,1
661,JimmyHere,Jinja,1
662,JimmyHere,JohneAwesome,1
663,JimmyHere,JojosOddOdyssey,1
664,JimmyHere,Jorena,1
665,JimmyHere,Kitboga,1
666,JimmyHere,Lacari,1
667,JimmyHere,Lachlan,1
668,JimmyHere,LumpyTouch,1
669,JimmyHere,Napo_00,1
670,JimmyHere,Neko,1
671,JimmyHere,Ninja,1
672,JimmyHere,NuxTaku,1
673,JimmyHere,PandaShenpai,1
674,JimmyHere,QuestCape,1
675,JimmyHere,RanbooLive,1
676,JimmyHere,Ree_Kid,1
677,JimmyHere,Rzzz____,1
678,JimmyHere,Saberspark_,1
679,JimmyHere,SevLetsPlay,1
680,JimmyHere,Shy_,1
681,JimmyHere,Slimecicle,1
682,JimmyHere,Sweatcicle,1
683,JimmyHere,T4YN,1
684,JimmyHere,TCousteau,1
685,JimmyHere,TMFaisal,1
686,JimmyHere,Tectone,1
687,JimmyHere,TeosGame,1
688,JimmyHere,TheNicoleT,1
689,JimmyHere,Tubbo,1
690,JimmyHere,WaffleInaToaster,1
691,JimmyHere,WilburSoot,1
692,JimmyHere,Xerfed,1
693,JimmyHere,Yahiamice,1
694,JimmyHere,Ziggylata,1
695,JimmyHere,aquamarineow,1
696,JimmyHere,astartelia,1
697,JimmyHere,broxh_,1
698,JimmyHere,darlingstrawb,1
699,JimmyHere,drawwithjazza,1
700,JimmyHere,dreamwastaken,1
701,JimmyHere,evanf1997,1
702,JimmyHere,gallykittyrocks,1
703,JimmyHere,haydengames0238,1
704,JimmyHere,impulseSV,1
705,JimmyHere,johnnieguilbertofficial,1
706,JimmyHere,justin,1
707,JimmyHere,kandyrew,1
708,JimmyHere,larrrycroft,1
709,JimmyHere,lilypichu,1
710,JimmyHere,loltyler1,1
711,JimmyHere,lukeafkfan,1
712,JimmyHere,michaelreeves,1
713,JimmyHere,miltia,1
714,JimmyHere,oCMz,1
715,JimmyHere,official_cbc_steep,1
716,JimmyHere,rewinside,1
717,JimmyHere,sleepy,1
718,JimmyHere,sleepybhun,1
719,JimmyHere,spooqo,1
720,JimmyHere,tommyinnit,1
721,JimmyHere,twomad,1
722,JimmyHere,usagikira_,1
723,JustaMinx,Antfrost,2
724,JustaMinx,BadBoyHalo,1
725,JustaMinx,CG5Music,1
726,JustaMinx,CallMeCarsonLIVE,1
727,JustaMinx,CaptainPuffy,1
728,JustaMinx,Castro_1021,1
729,JustaMinx,Corpse_Husband,1
730,JustaMinx,DreamAlt_,1
731,JustaMinx,DropsByPonk,1
732,JustaMinx,Fundy,1
733,JustaMinx,GeorgeNotFound,1
734,JustaMinx,JackManifoldTV,1
735,JustaMinx,Nihachu,1
736,JustaMinx,Philza,1
737,JustaMinx,Purpled,1
738,JustaMinx,QTCinderella,1
739,JustaMinx,Quackity,1
740,JustaMinx,QuackityToo,1
741,JustaMinx,RanbooLive,1
742,JustaMinx,Sapnap,1
743,JustaMinx,Slimecicle,1
744,JustaMinx,SovietWomble,1
745,JustaMinx,Spooftly,1
746,JustaMinx,Stodeh,1
747,JustaMinx,Technoblade,1
748,JustaMinx,TedNivison,1
749,JustaMinx,ThisIsNotGeorgeNotFound,1
750,JustaMinx,Tubbo,1
751,JustaMinx,TubboLIVE,1
752,JustaMinx,WilburSoot,1
753,JustaMinx,a6doff,1
754,JustaMinx,beautie_,1
755,JustaMinx,bnans,1
756,JustaMinx,capricorny89,1
757,JustaMinx,derfarmer0102,1
758,JustaMinx,dreamwastaken,1
759,JustaMinx,frogcrafting,1
760,JustaMinx,hannahxxrose,1
761,JustaMinx,jacksepticeye,1
762,JustaMinx,jschlatt,1
763,JustaMinx,karljacobs,1
764,JustaMinx,karljacobs_alt,1
765,JustaMinx,keatonellery0420,1
766,JustaMinx,ludwig,1
767,JustaMinx,michaelreeves,1
768,JustaMinx,mrbeast6000,1
769,JustaMinx,overtireddoodlr,1
770,JustaMinx,ranboobutnot,1
771,JustaMinx,shroud,1
772,JustaMinx,techneoblade,1
773,JustaMinx,tommyinnit,1
774,JustaMinx,tommyinnitalt,1
775,JustaMinx,velvetiscake,1
776,KristoferYee,39daph,2
777,KristoferYee,Amouranth,1
778,KristoferYee,AnthonyZ,1
779,KristoferYee,AverageJonas,1
780,KristoferYee,Avrge0X,1
781,KristoferYee,Brofain,1
782,KristoferYee,Chala,1
783,KristoferYee,CodeMiko,1
784,KristoferYee,Crystalst,1
785,KristoferYee,DanWoolleyy,1
786,KristoferYee,DigitalCasts,1
787,KristoferYee,DrLupo,1
788,KristoferYee,Elevate,1
789,KristoferYee,EpicNPCMan,1
790,KristoferYee,FandomReactions,1
791,KristoferYee,Fextralife,1
792,KristoferYee,Flights1,1
793,KristoferYee,GET_RHECD99,1
794,KristoferYee,GregHavenner,1
795,KristoferYee,JordanFisher,1
796,KristoferYee,JoshStrifeHayes,1
797,KristoferYee,KJCeSports,1
798,KristoferYee,KrisRey,1
799,KristoferYee,LalasNuggets,1
800,KristoferYee,LeighXP,1
801,KristoferYee,Matthewvhaynes,1
802,KristoferYee,Merl,1
803,KristoferYee,Moose_Taffy,1
804,KristoferYee,MrLowlander,1
805,KristoferYee,OfficialTEXFJ,1
806,KristoferYee,QuarterJade,1
807,KristoferYee,QueenTofu,1
808,KristoferYee,RocketLeague,1
809,KristoferYee,Royeal,1
810,KristoferYee,Runabyte,1
811,KristoferYee,SUATism,1
812,KristoferYee,Scarra,1
813,KristoferYee,Semmler,1
814,KristoferYee,Sha77eTV,1
815,KristoferYee,ShahZaM,1
816,KristoferYee,SpectralLotus,1
817,KristoferYee,SteveSuptic,1
818,KristoferYee,SypherPK,1
819,KristoferYee,TemplinInstitute,1
820,KristoferYee,TheKaluza,1
821,KristoferYee,TinaKitten,1
822,KristoferYee,VirtualWolfGirl,1
823,KristoferYee,Yifang,1
824,KristoferYee,aikyuna,1
825,KristoferYee,aquav2_,1
826,KristoferYee,bateson87,1
827,KristoferYee,buddha,1
828,KristoferYee,cented,1
829,KristoferYee,christoppppher,1
830,KristoferYee,cultclare,1
831,KristoferYee,dota2ti,1
832,KristoferYee,eaJParkOfficial,1
833,KristoferYee,iiTzTimmy,1
834,KristoferYee,itsHafu,1
835,KristoferYee,jACQaTTCQ,1
836,KristoferYee,jammyz,1
837,KristoferYee,jaycgee,1
838,KristoferYee,kkatamina,1
839,KristoferYee,lilypichu,1
840,KristoferYee,ludwig,1
841,KristoferYee,maggiekarp_,1
842,KristoferYee,michaelreeves,1
843,KristoferYee,mummyboii,1
844,KristoferYee,mw1gg,1
845,KristoferYee,nAts,1
846,KristoferYee,pokimane,1
847,KristoferYee,samayrainalive,1
848,KristoferYee,shroud,1
849,KristoferYee,sifustatham,1
850,KristoferYee,signedworld,1
851,KristoferYee,sssweeneytv,1
852,KristoferYee,summit1g,1
853,KristoferYee,supcaitlin,1
854,KristoferYee,volx,1
855,KristoferYee,xQcOW,1
856,KristoferYee,yvonnie,1
857,Lacari,39daph,2
858,Lacari,AXIUN,1
859,Lacari,AdamVsEverything,1
860,Lacari,Andimatter_Universe,1
861,Lacari,AngelMelly,1
862,Lacari,BLOU,1
863,Lacari,Bensam123,1
864,Lacari,Blackcrosses,1
865,Lacari,Bum1six3,1
866,Lacari,ChelseaBytes,1
867,Lacari,Chipotle,1
868,Lacari,ClintStevens,1
869,Lacari,CriticalRole,1
870,Lacari,Demon,1
871,Lacari,DevinNash,1
872,Lacari,DingDongVG,1
873,Lacari,Disnof,1
874,Lacari,Dyrus,1
875,Lacari,Eiritel,1
876,Lacari,Enc0n,1
877,Lacari,EsfandTV,1
878,Lacari,Eviltrick,1
879,Lacari,FeelsIncredibleMan,1
880,Lacari,JesseSMFI,1
881,Lacari,JimmyHere,1
882,Lacari,McconnellRet,1
883,Lacari,MetalarmsGT4,1
884,Lacari,Mylah,1
885,Lacari,NOOMNOOM,1
886,Lacari,Nekrpain,1
887,Lacari,NymN,1
888,Lacari,OTKnetwork,1
889,Lacari,OlivtheOwl,1
890,Lacari,Pokey26,1
891,Lacari,PrimeVideo,1
892,Lacari,Quantum,1
893,Lacari,QuestCape,1
894,Lacari,Quin69,1
895,Lacari,Raeyei,1
896,Lacari,RealRanton,1
897,Lacari,Reckful,1
898,Lacari,Refleksiya,1
899,Lacari,Russel,1
900,Lacari,SSBMagi,1
901,Lacari,Sanchovies,1
902,Lacari,Sekapoko,1
903,Lacari,Shy_,1
904,Lacari,Soph,1
905,Lacari,Syztmz,1
906,Lacari,TheGawd,1
907,Lacari,TinBears,1
908,Lacari,VADIKUS007,1
909,Lacari,Vakin,1
910,Lacari,VansamaOfficial,1
911,Lacari,William__Knight,1
912,Lacari,YeSsO_O,1
913,Lacari,d1anka,1
914,Lacari,dota2ti,1
915,Lacari,dunkstream,1
916,Lacari,finalfantasyxiv,1
917,Lacari,forsen,1
918,Lacari,ilyufi,1
919,Lacari,imaqtpie,1
920,Lacari,imls,1
921,Lacari,jakenbakeLIVE,1
922,Lacari,janix,1
923,Lacari,justin,1
924,Lacari,lilypichu,1
925,Lacari,lol_nemesis,1
926,Lacari,loltyler1,1
927,Lacari,malena,1
928,Lacari,mayshadowfaxgg,1
929,Lacari,moistcr1tikal,1
930,Lacari,nmplol2,1
931,Lacari,nymn2,1
932,Lacari,pajlada,1
933,Lacari,peydinburnham,1
934,Lacari,pokelawls,1
935,Lacari,pokimane,1
936,Lacari,sakiomi,1
937,Lacari,weebyshell,1
938,Lacari,willneff,1
939,Lacari,witwix,1
940,Lacari,wombatsbak,1
941,Lacari,yleeurheilu,1
942,Lacari,zackrawrr,1
943,Lacari,zigzagmu,1
944,Lacari,도아242,1
945,MaxVerstappen,1Mangy,2
946,MaxVerstappen,AR12Gaming,1
947,MaxVerstappen,Albon,1
948,MaxVerstappen,BALLIN_FUN,1
949,MaxVerstappen,BareBonezGaming__,1
950,MaxVerstappen,BaristajoshF1,1
951,MaxVerstappen,ChannelRion,1
952,MaxVerstappen,Clutching,1
953,MaxVerstappen,Dan_Suzuki,1
954,MaxVerstappen,Desto,1
955,MaxVerstappen,Duncan,1
956,MaxVerstappen,Evey,1
957,MaxVerstappen,Formula1,1
958,MaxVerstappen,FuryRobertt,1
959,MaxVerstappen,GR63,1
960,MaxVerstappen,HerronZach,1
961,MaxVerstappen,Jafango,1
962,MaxVerstappen,Joshua3390,1
963,MaxVerstappen,JuhalitcaTV,1
964,MaxVerstappen,KeegzZ,1
965,MaxVerstappen,Kyedae,1
966,MaxVerstappen,LiamLawson30,1
967,MaxVerstappen,M1NDR,1
968,MaxVerstappen,MattMalone,1
969,MaxVerstappen,Max_Fewtrell,1
970,MaxVerstappen,Metaphor,1
971,MaxVerstappen,Mokka020,1
972,MaxVerstappen,Nicholas_Latifi,1
973,MaxVerstappen,OmeConer,1
974,MaxVerstappen,PatoRmz_13,1
975,MaxVerstappen,SteveAlvarezBrown,1
976,MaxVerstappen,SurviveIcarus,1
977,MaxVerstappen,Symfuhny,1
978,MaxVerstappen,TimTheTatman,1
979,MaxVerstappen,Twuann,1
980,MaxVerstappen,VascoSharp,1
981,MaxVerstappen,charlesleclerc,1
982,MaxVerstappen,connorball,1
983,MaxVerstappen,f1elly,1
984,MaxVerstappen,f1jonny,1
985,MaxVerstappen,isacantos,1
986,MaxVerstappen,itaintokbro,1
987,MaxVerstappen,jimlee,1
988,MaxVerstappen,landonorris,1
989,MaxVerstappen,paxrino,1
990,MaxVerstappen,ploo,1
991,MaxVerstappen,roomyxx,1
992,MaxVerstappen,tiinydinosaur,1
993,Natsumiii,AdinRoss,2
994,Natsumiii,BaboAbe,1
995,Natsumiii,CBLOL,1
996,Natsumiii,CalPoly_Esports,1
997,Natsumiii,CallMeCarsonLIVE,1
998,Natsumiii,Cap_SavBoy,1
999,Natsumiii,CaptainSparklez,1
1000,Natsumiii,Daniels,1
1001,Natsumiii,DigitalCasts,1
1002,Natsumiii,DisguisedToast,1
1003,Natsumiii,Elevate,1
1004,Natsumiii,Faide,1
1005,Natsumiii,GoodTimesWithScar,1
1006,Natsumiii,Guaxinim,1
1007,Natsumiii,IGotCuteAnkles,1
1008,Natsumiii,Jasper7se,1
1009,Natsumiii,LLStylish,1
1010,Natsumiii,Markiplier,1
1011,Natsumiii,Masayoshi,1
1012,Natsumiii,Nalopia,1
1013,Natsumiii,NiceWigg,1
1014,Natsumiii,Nihachu,1
1015,Natsumiii,Ninja,1
1016,Natsumiii,Nokokopuffs,1
1017,Natsumiii,OfficialTEXFJ,1
1018,Natsumiii,PatoPapao,1
1019,Natsumiii,QuarterJade,1
1020,Natsumiii,Rakin,1
1021,Natsumiii,Riot Games,1
1022,Natsumiii,Scarra,1
1023,Natsumiii,Semmler,1
1024,Natsumiii,ShahZaM,1
1025,Natsumiii,Sneegsnag,1
1026,Natsumiii,Snip3down,1
1027,Natsumiii,Stressmonster,1
1028,Natsumiii,TakaGGUwU,1
1029,Natsumiii,TangoTek,1
1030,Natsumiii,TenZ,1
1031,Natsumiii,TrizPariz,1
1032,Natsumiii,Tubbo,1
1033,Natsumiii,Welsknight,1
1034,Natsumiii,XLNCesports,1
1035,Natsumiii,Xisuma,1
1036,Natsumiii,Yifang,1
1037,Natsumiii,ZedaphPlays,1
1038,Natsumiii,aceu,1
1039,Natsumiii,aquav2_,1
1040,Natsumiii,avivasofia,1
1041,Natsumiii,benkro_tv,1
1042,Natsumiii,beomhanfm,1
1043,Natsumiii,boxbox,1
1044,Natsumiii,cented,1
1045,Natsumiii,cheskyyyy,1
1046,Natsumiii,cnbesc,1
1047,Natsumiii,dep_ow,1
1048,Natsumiii,dish,1
1049,Natsumiii,ggGibi,1
1050,Natsumiii,hJune,1
1051,Natsumiii,illumina1337,1
1052,Natsumiii,jacksepticeye,1
1053,Natsumiii,jammyz,1
1054,Natsumiii,karljacobs,1
1055,Natsumiii,karlnetwork,1
1056,Natsumiii,loltyler1,1
1057,Natsumiii,ludwig,1
1058,Natsumiii,moistcr1tikal,1
1059,Natsumiii,n0thing,1
1060,Natsumiii,p1xelpengu1n,1
1061,Natsumiii,peterparkTV,1
1062,Natsumiii,pokimane,1
1063,Natsumiii,scrivj21,1
1064,Natsumiii,shroud,1
1065,Natsumiii,signedworld,1
1066,Natsumiii,starsmitten,1
1067,Natsumiii,tommyinnitalt,1
1068,Natsumiii,valorantesports2,1
1069,Natsumiii,volx,1
1070,Natsumiii,xChocoBars,1
1071,Natsumiii,yvonnie,1
1072,Natsumiii,スタンミ,1
1073,OfflineTV,9animeon,2
1074,OfflineTV,AnthonyZ,1
1075,OfflineTV,AvaJC,1
1076,OfflineTV,Blaustoise,1
1077,OfflineTV,Brofain,1
1078,OfflineTV,ClashOfClans,1
1079,OfflineTV,Corpse_Husband,1
1080,OfflineTV,DieValkyra,1
1081,OfflineTV,DisguisedToast,1
1082,OfflineTV,Jerma985,1
1083,OfflineTV,KatherineElizabeth,1
1084,OfflineTV,Kyedae,1
1085,OfflineTV,McNastyOfficial,1
1086,OfflineTV,Myth,1
1087,OfflineTV,Nihachu,1
1088,OfflineTV,QuarterJade,1
1089,OfflineTV,Reddoons,1
1090,OfflineTV,RyanNotBriann,1
1091,OfflineTV,SwaggerSouls,1
1092,OfflineTV,Sykkuno,1
1093,OfflineTV,TapL,1
1094,OfflineTV,TenZ,1
1095,OfflineTV,ThirtyVirus,1
1096,OfflineTV,TinaKitten,1
1097,OfflineTV,VALORANT,1
1098,OfflineTV,WilburSoot,1
1099,OfflineTV,amTess,1
1100,OfflineTV,beautie_,1
1101,OfflineTV,fuslie,1
1102,OfflineTV,itsRyanHiga,1
1103,OfflineTV,jacksepticeye,1
1104,OfflineTV,karlnetwork,1
1105,OfflineTV,kkatamina,1
1106,OfflineTV,lilypi2,1
1107,OfflineTV,lilypichu,1
1108,OfflineTV,ludwig,1
1109,OfflineTV,michaelreeves,1
1110,OfflineTV,peterparkTV,1
1111,OfflineTV,pokimane,1
1112,OfflineTV,shroud,1
1113,OfflineTV,yvonnie,1
1114,RocketLeague,BTSBrasilFPS,2
1115,RocketLeague,CollegeCarball,1
1116,RocketLeague,Dazerin,1
1117,RocketLeague,DrDisrespect,1
1118,RocketLeague,EASPORTSFIFA,1
1119,RocketLeague,F4th3r,1
1120,RocketLeague,Fortnite,1
1121,RocketLeague,Gaules,1
1122,RocketLeague,GernaderJake,1
1123,RocketLeague,Hamody_7_,1
1124,RocketLeague,JsM_ttv,1
1125,RocketLeague,KnockoutCity,1
1126,RocketLeague,Laimoon4d,1
1127,RocketLeague,MasterReset,1
1128,RocketLeague,NVK1,1
1129,RocketLeague,RL_SDA7,1
1130,RocketLeague,RakanooLive,1
1131,RocketLeague,RocketLeagueAPAC,1
1132,RocketLeague,Sa_RoaRzz,1
1133,RocketLeague,SaltyPhish,1
1134,RocketLeague,Shamamgames,1
1135,RocketLeague,SirDimetrious,1
1136,RocketLeague,SolaryFortnite,1
1137,RocketLeague,StarLadder_cs_en,1
1138,RocketLeague,StarLadder_cs_en2,1
1139,RocketLeague,Th3Jez,1
1140,RocketLeague,Tiametmarduk,1
1141,RocketLeague,WAJEH,1
1142,RocketLeague,WePlayRocketLeague,1
1143,RocketLeague,ZeaIand,1
1144,RocketLeague,aaravaTV,1
1145,RocketLeague,abx_78,1
1146,RocketLeague,btscsgo,1
1147,RocketLeague,copatchi18,1
1148,RocketLeague,itzjspr,1
1149,RocketLeague,l9r_p,1
1150,RocketLeague,louwx,1
1151,RocketLeague,nse_gg,1
1152,RocketLeague,shongxbong,1
1153,RocketLeague,xaljuhani,1
1154,RocketLeague,xxnotrax,1
1155,Scarra,AaronOnAir,2
1156,Scarra,Aliythia,1
1157,Scarra,AnnaCramling,1
1158,Scarra,AnthonyZ,1
1159,Scarra,Biotoxz_,1
1160,Scarra,Blaustoise,1
1161,Scarra,BobbyBoJanglles,1
1162,Scarra,Captainflowers22,1
1163,Scarra,CobaltStreak,1
1164,Scarra,ConnorEatsPants,1
1165,Scarra,CyberChimpTV,1
1166,Scarra,DisguisedToast,1
1167,Scarra,Emiru,1
1168,Scarra,Enviosity,1
1169,Scarra,EsfandTV,1
1170,Scarra,Fextralife,1
1171,Scarra,Frynaut,1
1172,Scarra,Garrulous64,1
1173,Scarra,GenshinImpactOfficial,1
1174,Scarra,GuildWars2,1
1175,Scarra,IWillDominate,1
1176,Scarra,JackManifoldTV,1
1177,Scarra,Jellypeanut,1
1178,Scarra,JustaMinx,1
1179,Scarra,KaileyMae,1
1180,Scarra,Mr_Brunswick,1
1181,Scarra,Nagzz21,1
1182,Scarra,NeptunezTokyo,1
1183,Scarra,Nintendo,1
1184,Scarra,Portable_Productions,1
1185,Scarra,RATIRL,1
1186,Scarra,Ray__C,1
1187,Scarra,Riot Games,1
1188,Scarra,SR_Kaif,1
1189,Scarra,SweeetTails,1
1190,Scarra,Sykkuno,1
1191,Scarra,TPAIN,1
1192,Scarra,TenmaMaemi,1
1193,Scarra,TheUnexpectables,1
1194,Scarra,Whippy,1
1195,Scarra,axcertypo,1
1196,Scarra,babbsity,1
1197,Scarra,boxbox,1
1198,Scarra,buddha,1
1199,Scarra,casuallyexplained,1
1200,Scarra,chiblee,1
1201,Scarra,cyr,1
1202,Scarra,fuslie,1
1203,Scarra,imls,1
1204,Scarra,kkatamina,1
1205,Scarra,lilypichu,1
1206,Scarra,ludwig,1
1207,Scarra,maskenissen,1
1208,Scarra,michaelreeves,1
1209,Scarra,nixozip,1
1210,Scarra,pokimane,1
1211,Scarra,sOFrOsTy,1
1212,Scarra,sips_,1
1213,Scarra,starsmitten,1
1214,Scarra,tfmjonny,1
1215,Scarra,xqcisoffline,1
1216,Scarra,yougelly,1
1217,Scarra,yvonnie,1
1218,Scarra,갓하엘_,1
1219,Scarra,소람잉,1
1220,Scarra,해나,1
1221,Stylosa,A10Nerd,2
1222,Stylosa,AYYJAYY,1
1223,Stylosa,Aikable,1
1224,Stylosa,Alinity,1
1225,Stylosa,ArabelIla,1
1226,Stylosa,AustinCreed,1
1227,Stylosa,AysTV_,1
1228,Stylosa,ChipSa,1
1229,Stylosa,Cloneman16,1
1230,Stylosa,CodeSawzzyyy,1
1231,Stylosa,CompletedItMate,1
1232,Stylosa,DaddyDimmuTV,1
1233,Stylosa,DavidPakman,1
1234,Stylosa,Diegosaurs,1
1235,Stylosa,DrDisrespect,1
1236,Stylosa,EliotETC,1
1237,Stylosa,Emongg,1
1238,Stylosa,EmprReigns,1
1239,Stylosa,Flats,1
1240,Stylosa,Forgiving,1
1241,Stylosa,Frodoapparat,1
1242,Stylosa,HeyQueenKae,1
1243,Stylosa,JapaneseQuest,1
1244,Stylosa,Jay3,1
1245,Stylosa,JoshKnife,1
1246,Stylosa,Joystick,1
1247,Stylosa,JulesBjorn,1
1248,Stylosa,Koogs46,1
1249,Stylosa,LhCloudy27,1
1250,Stylosa,LivenowMedia,1
1251,Stylosa,Maximilian_DOOD,1
1252,Stylosa,Mushu,1
1253,Stylosa,NarutO,1
1254,Stylosa,Necros,1
1255,Stylosa,OhChev,1
1256,Stylosa,Phy_OW,1
1257,Stylosa,PlayOverwatch,1
1258,Stylosa,PlayStationAccess,1
1259,Stylosa,Poko,1
1260,Stylosa,Rizzo,1
1261,Stylosa,SMii7Y,1
1262,Stylosa,SabinaBee,1
1263,Stylosa,SimCopter1,1
1264,Stylosa,StageWorks,1
1265,Stylosa,TGN,1
1266,Stylosa,TimTheTatman,1
1267,Stylosa,Vootz,1
1268,Stylosa,WOKE,1
1269,Stylosa,W_NTED,1
1270,Stylosa,WadZee,1
1271,Stylosa,YZNSA,1
1272,Stylosa,Yamesey,1
1273,Stylosa,Yogscast,1
1274,Stylosa,Yuniiho,1
1275,Stylosa,Zentreya,1
1276,Stylosa,brittanybolt,1
1277,Stylosa,craftingruby,1
1278,Stylosa,dafran,1
1279,Stylosa,djpaulinhosp,1
1280,Stylosa,dreamwastaken,1
1281,Stylosa,grishaputin,1
1282,Stylosa,harbleu,1
1283,Stylosa,jake_ow,1
1284,Stylosa,kragiee,1
1285,Stylosa,mL7support,1
1286,Stylosa,moistcr1tikal,1
1287,Stylosa,mythrodak,1
1288,Stylosa,six_cyx,1
1289,Stylosa,skydart,1
1290,Stylosa,sleepy,1
1291,Stylosa,supertf,1
1292,Stylosa,techneoblade,1
1293,Stylosa,tutituts,1
1294,Stylosa,x2Twins,1
1295,Stylosa,yeah_jaron,1
1296,Stylosa,zombieomi,1
1297,Stylosa,zzzucKiii,1
1298,Sykkuno,5uppp,2
1299,Sykkuno,AMD,1
1300,Sykkuno,AnniTheDuck,1
1301,Sykkuno,AnniePants02,1
1302,Sykkuno,Antfrost,1
1303,Sykkuno,AquaBubbles__,1
1304,Sykkuno,BaboAbe,1
1305,Sykkuno,BadBoyHalo,1
1306,Sykkuno,Bluex,1
1307,Sykkuno,Brofain,1
1308,Sykkuno,CarryWarzoneTTV,1
1309,Sykkuno,ClashOfClans,1
1310,Sykkuno,Corpse_Husband,1
1311,Sykkuno,DisguisedToast,1
1312,Sykkuno,DropsByPonk,1
1313,Sykkuno,EmmaLangevin,1
1314,Sykkuno,F1NN5TER,1
1315,Sykkuno,Foolish_Gamers,1
1316,Sykkuno,GTOmegaTV,1
1317,Sykkuno,GeorgeNotFound,1
1318,Sykkuno,GhostyGrey_,1
1319,Sykkuno,JoshManifoldHDTV,1
1320,Sykkuno,JustaMinx,1
1321,Sykkuno,MetaphorVariety,1
1322,Sykkuno,Mizzrowe,1
1323,Sykkuno,OfflineTV,1
1324,Sykkuno,Philza,1
1325,Sykkuno,Punz,1
1326,Sykkuno,Raevenly_,1
1327,Sykkuno,RanbooLive,1
1328,Sykkuno,RevedTV,1
1329,Sykkuno,RikuRikuRiku,1
1330,Sykkuno,RozieRoze,1
1331,Sykkuno,Sallyisadog,1
1332,Sykkuno,Sapnap,1
1333,Sykkuno,Scarra,1
1334,Sykkuno,Slimecicle,1
1335,Sykkuno,Syrexx92,1
1336,Sykkuno,TapL,1
1337,Sykkuno,TheOrionSound,1
1338,Sykkuno,TimTheTatman,1
1339,Sykkuno,TinaKitten,1
1340,Sykkuno,Tubbo,1
1341,Sykkuno,TubboLIVE,1
1342,Sykkuno,VolkanEsmer,1
1343,Sykkuno,WaxFraud,1
1344,Sykkuno,WilburSoot,1
1345,Sykkuno,arwenlyra,1
1346,Sykkuno,bedtouch_,1
1347,Sykkuno,billzo,1
1348,Sykkuno,canvascoy,1
1349,Sykkuno,cuptoast,1
1350,Sykkuno,dreamwastaken,1
1351,Sykkuno,fuslie,1
1352,Sykkuno,irisvrlp,1
1353,Sykkuno,its_iron,1
1354,Sykkuno,karljacobs,1
1355,Sykkuno,karlnetwork,1
1356,Sykkuno,kevinanggara,1
1357,Sykkuno,kkatamina,1
1358,Sykkuno,lilypichu,1
1359,Sykkuno,ludwig,1
1360,Sykkuno,mabin710,1
1361,Sykkuno,michaelreeves,1
1362,Sykkuno,nagsenpai,1
1363,Sykkuno,pokimane,1
1364,Sykkuno,ranboobutnot,1
1365,Sykkuno,sapnapalt,1
1366,Sykkuno,simsonkruse,1
1367,Sykkuno,slenderbean__,1
1368,Sykkuno,stephaniepoetri,1
1369,Sykkuno,sylveey,1
1370,Sykkuno,tommyinnit,1
1371,Sykkuno,towdan,1
1372,Sykkuno,yvonnie,1
1373,Sykkuno,39daph,2
1374,Sykkuno,Adallock,1
1375,Sykkuno,Alymew,1
1376,Sykkuno,Blaustoise,1
1377,Sykkuno,Cimrai,1
1378,Sykkuno,CinnamonToastKen,1
1379,Sykkuno,Corpse_Husband,1
1380,Sykkuno,CptEagle,1
1381,Sykkuno,Domingo,1
1382,Sykkuno,DrLupo,1
1383,Sykkuno,DreamAlt_,1
1384,Sykkuno,EmilleJ,1
1385,Sykkuno,EmilyAwsm,1
1386,Sykkuno,EmmaLangevin,1
1387,Sykkuno,Flight23white,1
1388,Sykkuno,Fortnite,1
1389,Sykkuno,GemsOfJupiter,1
1390,Sykkuno,GhostArya,1
1391,Sykkuno,Giggl3puff_,1
1392,Sykkuno,HoneyKub,1
1393,Sykkuno,KOT4Q,1
1394,Sykkuno,Kallmekris,1
1395,Sykkuno,KatherineElizabeth,1
1396,Sykkuno,Kensai666,1
1397,Sykkuno,KerfuffleDAX,1
1398,Sykkuno,KynePhantomWolf,1
1399,Sykkuno,LSKakarot,1
1400,Sykkuno,LordAethelstan,1
1401,Sykkuno,Loserfruit,1
1402,Sykkuno,MaryMaybe,1
1403,Sykkuno,Mukluk,1
1404,Sykkuno,OgamingLoL,1
1405,Sykkuno,Onision,1
1406,Sykkuno,PetrouTV,1
1407,Sykkuno,Pewdiepie,1
1408,Sykkuno,Quackity,1
1409,Sykkuno,RanbooLive,1
1410,Sykkuno,Ray__C,1
1411,Sykkuno,Smajor,1
1412,Sykkuno,Smallishbeans,1
1413,Sykkuno,Sydeon,1
1414,Sykkuno,TPAIN,1
1415,Sykkuno,Technoblade,1
1416,Sykkuno,Tectone,1
1417,Sykkuno,ThePewPewLayzr,1
1418,Sykkuno,Timbaland,1
1419,Sykkuno,TinaKitten,1
1420,Sykkuno,TravisAxie,1
1421,Sykkuno,TroydanGaming,1
1422,Sykkuno,WillerZ,1
1423,Sykkuno,Wisp,1
1424,Sykkuno,ZackTTG,1
1425,Sykkuno,Zarorahh,1
1426,Sykkuno,Zy0xxx,1
1427,Sykkuno,awesamdude,1
1428,Sykkuno,babiiepeach,1
1429,Sykkuno,bwaaap,1
1430,Sykkuno,captain_cube,1
1431,Sykkuno,chayawassa,1
1432,Sykkuno,chibidoki,1
1433,Sykkuno,dreamsick,1
1434,Sykkuno,dreamwastaken,1
1435,Sykkuno,fuslie,1
1436,Sykkuno,illumina1337,1
1437,Sykkuno,iskall85,1
1438,Sykkuno,jacksepticeye,1
1439,Sykkuno,jarvis_810,1
1440,Sykkuno,jjjjjank,1
1441,Sykkuno,karljacobs,1
1442,Sykkuno,lizziesage,1
1443,Sykkuno,lloyddiee,1
1444,Sykkuno,ludwig,1
1445,Sykkuno,pokimane,1
1446,Sykkuno,sambucha,1
1447,Sykkuno,snuffy,1
1448,Sykkuno,thathoneydip,1
1449,Sykkuno,veibae,1
1450,Sykkuno,veronika,1
1451,Sykkuno,worldpokertour247,1
1452,TangoTek,AnnaCramling,2
1453,TangoTek,BdoubleO,1
1454,TangoTek,BhaiBhai099,1
1455,TangoTek,CG5Music,1
1456,TangoTek,CourtneyVisser,1
1457,TangoTek,Couwage,1
1458,TangoTek,DDumbBear,1
1459,TangoTek,DisguisedToast,1
1460,TangoTek,Edvoid20,1
1461,TangoTek,ElainaExe,1
1462,TangoTek,ErynStreams,1
1463,TangoTek,Fubar_Prime,1
1464,TangoTek,Fundy,1
1465,TangoTek,GMAnishGiri,1
1466,TangoTek,GMHikaru,1
1467,TangoTek,GeminiTay,1
1468,TangoTek,GeorgeNotFound,1
1469,TangoTek,GoodTimesWithScar,1
1470,TangoTek,GothamChess,1
1471,TangoTek,GradeAUnderA,1
1472,TangoTek,Joehills,1
1473,TangoTek,Keralis,1
1474,TangoTek,KingElixir187,1
1475,TangoTek,Marbar_x,1
1476,TangoTek,Maya,1
1477,TangoTek,Minecraft,1
1478,TangoTek,Natsumiii,1
1479,TangoTek,Ninja,1
1480,TangoTek,NovaSucksAtVideogames,1
1481,TangoTek,PatrickRothfuss,1
1482,TangoTek,PearlescentMoon,1
1483,TangoTek,PuncHGoesBig,1
1484,TangoTek,RanbooLive,1
1485,TangoTek,ShubbleYT,1
1486,TangoTek,Slimecicle,1
1487,TangoTek,Smajor,1
1488,TangoTek,Stressmonster,1
1489,TangoTek,ThatMumboJumbo,1
1490,TangoTek,TheDrunkenBunny,1
1491,TangoTek,TheRSGuy,1
1492,TangoTek,TubboLIVE,1
1493,TangoTek,Ubimumu,1
1494,TangoTek,Welsknight,1
1495,TangoTek,Xisuma,1
1496,TangoTek,ZedaphPlays,1
1497,TangoTek,ZombieCleo,1
1498,TangoTek,augamer15,1
1499,TangoTek,bradaz1o1,1
1500,TangoTek,cubfan135,1
1501,TangoTek,docm77LIVE,1
1502,TangoTek,drsimonclark,1
1503,TangoTek,falsesymmetry,1
1504,TangoTek,geenelly,1
1505,TangoTek,gutsluvr,1
1506,TangoTek,illuminanomic,1
1507,TangoTek,impulseSV,1
1508,TangoTek,iskall85,1
1509,TangoTek,jojosolos,1
1510,TangoTek,karljacobs,1
1511,TangoTek,karljacobs_alt,1
1512,TangoTek,kkatamina,1
1513,TangoTek,moistcr1tikal,1
1514,TangoTek,neimki,1
1515,TangoTek,oliverwhelmed,1
1516,TangoTek,pokimane,1
1517,TangoTek,primevideouk,1
1518,TangoTek,rendogtv,1
1519,TangoTek,tommyinnitalt,1
1520,Theonemanny,Amouranth,2
1521,Theonemanny,COHDI,1
1522,Theonemanny,ESL_CSGO,1
1523,Theonemanny,ElectroGaming_X,1
1524,Theonemanny,Enrique_Zero_Asa,1
1525,Theonemanny,FaZeSway,1
1526,Theonemanny,Frantz_7,1
1527,Theonemanny,FumikoHoshi,1
1528,Theonemanny,InfinityGame71,1
1529,Theonemanny,LaynaLazar,1
1530,Theonemanny,MAC313,1
1531,Theonemanny,MGTMX,1
1532,Theonemanny,McCreamy,1
1533,Theonemanny,PimpCSGO,1
1534,Theonemanny,PtKen,1
1535,Theonemanny,RenRize,1
1536,Theonemanny,SOBRAN1E,1
1537,Theonemanny,SaraiRojas1203_pls,1
1538,Theonemanny,Silvervale,1
1539,Theonemanny,SweeetTails,1
1540,Theonemanny,TGF__GhOsT,1
1541,Theonemanny,Toshiruz,1
1542,Theonemanny,VelyaLive,1
1543,Theonemanny,Wolfiez,1
1544,Theonemanny,Wolfy2032,1
1545,Theonemanny,WolfyTheWitch,1
1546,Theonemanny,amustycow,1
1547,Theonemanny,boardz__yt,1
1548,Theonemanny,burro_galactico,1
1549,Theonemanny,gangsters_paradise,1
1550,Theonemanny,heartlessaceyt,1
1551,Theonemanny,jDezzyGaming,1
1552,Theonemanny,leon_kexz,1
1553,Theonemanny,m989876525,1
1554,Theonemanny,mummyd1968,1
1555,Theonemanny,nellperdel,1
1556,Theonemanny,nolwennthegirl,1
1557,Theonemanny,rootbeer65,1
1558,Theonemanny,rossdee1test,1
1559,Theonemanny,thepizzawaffle,1
1560,Theonemanny,trendov1ch,1
1561,Theonemanny,xxsnarkygoblinxx,1
1562,Theonemanny,小游,1
1563,Theonemanny,小點兒,1
1564,Theonemanny,尼口魚魚,1
1565,Theonemanny,我是丸子丸子是我,1
1566,Theonemanny,연나비님,1
1567,Theonemanny,한갱,1
1568,Xisuma,5uppp,2
1569,Xisuma,Alixxa,1
1570,Xisuma,AllyGenV,1
1571,Xisuma,BdoubleO,1
1572,Xisuma,Corsair,1
1573,Xisuma,DanTDM,1
1574,Xisuma,DisguisedToast,1
1575,Xisuma,Dream,1
1576,Xisuma,EazySpeezy,1
1577,Xisuma,Faith,1
1578,Xisuma,Fortnite,1
1579,Xisuma,Fresh,1
1580,Xisuma,GeminiTay,1
1581,Xisuma,GoodTimesWithScar,1
1582,Xisuma,Kwebbelkop,1
1583,Xisuma,LDShadowLady,1
1584,Xisuma,Lcpl_Liru,1
1585,Xisuma,Minecraft,1
1586,Xisuma,Natsumiii,1
1587,Xisuma,Nukafight,1
1588,Xisuma,PLEcomputers,1
1589,Xisuma,PearlescentMoon,1
1590,Xisuma,Pewdiepie,1
1591,Xisuma,Purpled,1
1592,Xisuma,SB737,1
1593,Xisuma,Sapnap,1
1594,Xisuma,Shoshy,1
1595,Xisuma,Smallishbeans,1
1596,Xisuma,Sommerset,1
1597,Xisuma,Stressmonster,1
1598,Xisuma,Sykkuno,1
1599,Xisuma,TEAMEVGA,1
1600,Xisuma,THERUSSIANBADGER,1
1601,Xisuma,TangoTek,1
1602,Xisuma,TapL,1
1603,Xisuma,ThatMumboJumbo,1
1604,Xisuma,TrashTastePodcast,1
1605,Xisuma,Tropical_Sensei,1
1606,Xisuma,Tubbo,1
1607,Xisuma,TubboLIVE,1
1608,Xisuma,Welsknight,1
1609,Xisuma,Xbox,1
1610,Xisuma,Yntmoe,1
1611,Xisuma,ZedaphPlays,1
1612,Xisuma,ZombieCleo,1
1613,Xisuma,awesamdude,1
1614,Xisuma,billzo,1
1615,Xisuma,dreamwastaken,1
1616,Xisuma,fWhip,1
1617,Xisuma,impulseSV,1
1618,Xisuma,iskall85,1
1619,Xisuma,karljacobs,1
1620,Xisuma,lilypichu,1
1621,Xisuma,martincitopants,1
1622,Xisuma,pokimane,1
1623,Xisuma,rendogtv,1
1624,Xisuma,sapnapalt,1
1625,Xisuma,socksfor13,1
1626,Xisuma,socksfor1_,1
1627,Xisuma,tommyinnit,1
1628,Xisuma,tommyinnitalt,1
1629,Xisuma,vGumiho,1
1630,Xisuma,xBCrafted,1
1631,bnans,1001Surat,2
1632,bnans,AverageJonas,1
1633,bnans,B_U_L_O_C_H_K_A,1
1634,bnans,Braction6,1
1635,bnans,Bushy25,1
1636,bnans,DanDrumStone,1
1637,bnans,Derke,1
1638,bnans,Drainerx,1
1639,bnans,Enukii_,1
1640,bnans,Fextralife,1
1641,bnans,HotBS,1
1642,bnans,INTERRO,1
1643,bnans,IRedgar,1
1644,bnans,Intechs,1
1645,bnans,JessGOAT,1
1646,bnans,JesseCox,1
1647,bnans,KiXSTAR,1
1648,bnans,KingStephi,1
1649,bnans,KungFuhrerTFT,1
1650,bnans,Kxpture,1
1651,bnans,Luger,1
1652,bnans,Madzzy,1
1653,bnans,Masayoshi,1
1654,bnans,Mawbster,1
1655,bnans,Maxlolrogue,1
1656,bnans,Maya,1
1657,bnans,Mistic,1
1658,bnans,MsTriggaHappy_,1
1659,bnans,NICKMERCS,1
1660,bnans,NRG_Hamlinz,1
1661,bnans,Naguura,1
1662,bnans,Nixxiom,1
1663,bnans,OJs_Attorney_,1
1664,bnans,Protidge,1
1665,bnans,QTCinderella,1
1666,bnans,QuarterJade,1
1667,bnans,QuattroAce,1
1668,bnans,Quin69,1
1669,bnans,Ramee,1
1670,bnans,Reirachuu,1
1671,bnans,Rihg,1
1672,bnans,Riot Games,1
1673,bnans,RiotGamesTurkish2,1
1674,bnans,ScreaM,1
1675,bnans,Sebi,1
1676,bnans,Sequisha,1
1677,bnans,ShackyHD,1
1678,bnans,ShahZaM,1
1679,bnans,Sloot,1
1680,bnans,Studeee,1
1681,bnans,TSM_ImperialHal,1
1682,bnans,Teeqo,1
1683,bnans,TenZ,1
1684,bnans,TheDanDangler,1
1685,bnans,TheSoran,1
1686,bnans,The_Happy_Hob,1
1687,bnans,Theokoles,1
1688,bnans,Thunderceptor11,1
1689,bnans,TinaKitten,1
1690,bnans,Towelliee,1
1691,bnans,Tri2Sin,1
1692,bnans,WARRIORRUST,1
1693,bnans,Weld_RS,1
1694,bnans,Yoggah,1
1695,bnans,Yungstaz,1
1696,bnans,ZeplaHQ,1
1697,bnans,acuteangelie,1
1698,bnans,asukayenosrs,1
1699,bnans,chronicleVL,1
1700,bnans,crazywhoopies,1
1701,bnans,dota2ti_5,1
1702,bnans,eGeLee,1
1703,bnans,eggs_benkai,1
1704,bnans,greatbeargaming1,1
1705,bnans,iiTzTimmy,1
1706,bnans,just9n,1
1707,bnans,kennyS,1
1708,bnans,kkatamina,1
1709,bnans,minxkittyy,1
1710,bnans,nAts,1
1711,bnans,nugiyen,1
1712,bnans,quqco,1
1713,bnans,r00t9r,1
1714,bnans,richwcampbell,1
1715,bnans,scump,1
1716,bnans,shroud,1
1717,bnans,ttv_finthejig,1
1718,bnans,uTKO_,1
1719,btsrocketleague,AGBIN3R,2
1720,btsrocketleague,AriGameplays,1
1721,btsrocketleague,ArmyKathyB,1
1722,btsrocketleague,BTSBrasilTV,1
1723,btsrocketleague,BTS_V98,1
1724,btsrocketleague,Carreraaa,1
1725,btsrocketleague,DarkarCompany,1
1726,btsrocketleague,Dignitas,1
1727,btsrocketleague,DreamHackRocketLeague,1
1728,btsrocketleague,DreamHackRocketLeague_FR,1
1729,btsrocketleague,DylanteroLIVE,1
1730,btsrocketleague,ESL_RocketLeague,1
1731,btsrocketleague,Estailus,1
1732,btsrocketleague,EstrellasTeam,1
1733,btsrocketleague,G2Esports,1
1734,btsrocketleague,KpopTV247,1
1735,btsrocketleague,LakshartNia,1
1736,btsrocketleague,NRGgg,1
1737,btsrocketleague,ObsessionTwitch,1
1738,btsrocketleague,RbdJellyfish,1
1739,btsrocketleague,RetalsRL,1
1740,btsrocketleague,Robleis,1
1741,btsrocketleague,RocketHockeyLeague,1
1742,btsrocketleague,RocketLeague,1
1743,btsrocketleague,RocketLeagueAPAC,1
1744,btsrocketleague,RocketLeagueCentral,1
1745,btsrocketleague,RocketLeagueEsportChile,1
1746,btsrocketleague,RocketLeagueMENA,1
1747,btsrocketleague,RocketLeagueSAM,1
1748,btsrocketleague,bpbplay,1
1749,btsrocketleague,btslivestream__,1
1750,btsrocketleague,btsnewsbrasil,1
1751,btsrocketleague,chell,1
1752,btsrocketleague,elvallowon,1
1753,btsrocketleague,gemavadillotwitch,1
1754,btsrocketleague,joseluischavez1,1
1755,btsrocketleague,joseluischavez873,1
1756,btsrocketleague,kttyglow,1
1757,btsrocketleague,rbdradiomultimedia,1
1758,btsrocketleague,reitegrone,1
1759,btsrocketleague,tl_332mdd,1
1760,btsrocketleague,tn_5110,1
1761,btsrocketleague,whatsupmoyi,1
1762,bwaaap,39daph,2
1763,bwaaap,AHugeGorilla,1
1764,bwaaap,Alexby11,1
1765,bwaaap,AmslowTW,1
1766,bwaaap,AsPigTV,1
1767,bwaaap,AsianGuyStream,1
1768,bwaaap,AuzioMF,1
1769,bwaaap,Branscuit,1
1770,bwaaap,Castro_1021,1
1771,bwaaap,ConnorWoolf,1
1772,bwaaap,CottonDynosour,1
1773,bwaaap,E3,1
1774,bwaaap,GenshinImpactOfficial,1
1775,bwaaap,GratisStatus,1
1776,bwaaap,HeyJayOfficial,1
1777,bwaaap,KiLimePie,1
1778,bwaaap,MTashed,1
1779,bwaaap,MafiosoCrew,1
1780,bwaaap,MonsterHunter,1
1781,bwaaap,OkCode,1
1782,bwaaap,Pewdiepie,1
1783,bwaaap,QuackityToo,1
1784,bwaaap,RageGamingVideos,1
1785,bwaaap,RickySummer,1
1786,bwaaap,Riot Games,1
1787,bwaaap,Rubius,1
1788,bwaaap,Sephijin,1
1789,bwaaap,TakaGGUwU,1
1790,bwaaap,TenhaTV,1
1791,bwaaap,antonychenn,1
1792,bwaaap,christianbanas,1
1793,bwaaap,dish,1
1794,bwaaap,drawwithjazza,1
1795,bwaaap,fritzzes,1
1796,bwaaap,fuji720x,1
1797,bwaaap,itsDen,1
1798,bwaaap,jacksepticeye,1
1799,bwaaap,jtripptv,1
1800,bwaaap,lilypichu,1
1801,bwaaap,may21_alejandro,1
1802,bwaaap,nekkopii,1
1803,bwaaap,tuonto,1
1804,dish,96stitch,2
1805,dish,A974n,1
1806,dish,AsianGuyStream,1
1807,dish,AsunaWEEB,1
1808,dish,Ausfernsehen,1
1809,dish,ChambieZA,1
1810,dish,Cyndalive,1
1811,dish,DerSchlossi,1
1812,dish,Elppa,1
1813,dish,GarrettG,1
1814,dish,GratisStatus,1
1815,dish,LetsGameItOut,1
1816,dish,MTashed,1
1817,dish,NRGgg,1
1818,dish,Nokokopuffs,1
1819,dish,OfficialHotBox,1
1820,dish,Pengu,1
1821,dish,RanbooLive,1
1822,dish,Rinspirit_art,1
1823,dish,SkarSensei,1
1824,dish,SlashSpace,1
1825,dish,Socksfor1,1
1826,dish,StumptGamers,1
1827,dish,Subroza,1
1828,dish,TakaGGUwU,1
1829,dish,Tectone,1
1830,dish,TenZ,1
1831,dish,TenhaTV,1
1832,dish,Thafnine,1
1833,dish,WARDELL,1
1834,dish,Xlice,1
1835,dish,aceu,1
1836,dish,ajtheboldtwitch,1
1837,dish,antonychenn,1
1838,dish,bwaaap,1
1839,dish,dsg_picassox,1
1840,dish,fritzzes,1
1841,dish,iMasha3el,1
1842,dish,itsDanaGuys,1
1843,dish,jory_cj,1
1844,dish,karljacobs,1
1845,dish,killer_red_za,1
1846,dish,lethamyr_rl,1
1847,dish,liknightil,1
1848,dish,lilypichu,1
1849,dish,mayaaVAL,1
1850,dish,nekkopii,1
1851,dish,rAx1337,1
1852,dish,tuonto,1
1853,fuslie,39daph,2
1854,fuslie,BaboAbe,1
1855,fuslie,BadBoyHalo,1
1856,fuslie,Badlinu,1
1857,fuslie,Blaustoise,1
1858,fuslie,BoschMerchant,1
1859,fuslie,Brofain,1
1860,fuslie,BrookeAB,1
1861,fuslie,Burn,1
1862,fuslie,CinnamonToastKen,1
1863,fuslie,ClashOfClans,1
1864,fuslie,Corpse_Husband,1
1865,fuslie,DisguisedToast,1
1866,fuslie,ElainaExe,1
1867,fuslie,EmmaLangevin,1
1868,fuslie,ErynStreams,1
1869,fuslie,Flight23white,1
1870,fuslie,Foolish_Gamers,1
1871,fuslie,GeorgeNotFound,1
1872,fuslie,HutchMF,1
1873,fuslie,Judd,1
1874,fuslie,KOT4Q,1
1875,fuslie,LSKakarot,1
1876,fuslie,Lady_Siara,1
1877,fuslie,Loserfruit,1
1878,fuslie,Mr_Brgl,1
1879,fuslie,OfflineTV,1
1880,fuslie,Pewdiepie,1
1881,fuslie,QuarterJade,1
1882,fuslie,Ray__C,1
1883,fuslie,Rezo,1
1884,fuslie,Sapnap,1
1885,fuslie,SarahMillerCrews,1
1886,fuslie,Smajor,1
1887,fuslie,Ssaab,1
1888,fuslie,Sydeon,1
1889,fuslie,Sykkuno,1
1890,fuslie,TinaKitten,1
1891,fuslie,TroydanGaming,1
1892,fuslie,Tubbo,1
1893,fuslie,Wolfabelle,1
1894,fuslie,Xlice,1
1895,fuslie,ZackTTG,1
1896,fuslie,bananabrea,1
1897,fuslie,buddha,1
1898,fuslie,dreamwastaken,1
1899,fuslie,dwjft,1
1900,fuslie,florettatv,1
1901,fuslie,hairyshr1mp,1
1902,fuslie,highkeyhateme,1
1903,fuslie,holiwatruuu,1
1904,fuslie,imjazztired,1
1905,fuslie,jacksepticeye,1
1906,fuslie,karljacobs,1
1907,fuslie,kirtyninja,1
1908,fuslie,kkatamina,1
1909,fuslie,lilsimsie,1
1910,fuslie,lilypichu,1
1911,fuslie,ludwig,1
1912,fuslie,nyanners,1
1913,fuslie,owengejuicetv,1
1914,fuslie,pokimane,1
1915,fuslie,ritoji_mekaki,1
1916,fuslie,tommyinnit,1
1917,fuslie,withakgames,1
1918,fuslie,xenezene,1
1919,fuslie,yvonnie,1
1920,fuslie,學長艾比,1
1921,fuslie,小熊,1
1922,fuslie,工商巨魔,1
1923,fuslie,木棉花官方頻道,1
1924,fuslie,皮弟,1
1925,fuslie,老皮,1
1926,fuslie,萊斯,1
1927,fuslie,貝莉莓,1
1928,fuslie,餐餐自由配,1
1929,iskall85,ATP_OW,2
1930,iskall85,Alixxa,1
1931,iskall85,BdoubleO,1
1932,iskall85,BoomerNA,1
1933,iskall85,BoomerNAlt,1
1934,iskall85,Corpse_Husband,1
1935,iskall85,DanTDM,1
1936,iskall85,DrInvader,1
1937,iskall85,DreamAlt_,1
1938,iskall85,EmmaLangevin,1
1939,iskall85,Faith,1
1940,iskall85,Fortnite,1
1941,iskall85,Fresh,1
1942,iskall85,GeminiTay,1
1943,iskall85,GeorgeNotFound,1
1944,iskall85,GoodTimesWithScar,1
1945,iskall85,HBomb94,1
1946,iskall85,HardstuckRav,1
1947,iskall85,InTheLittleWood,1
1948,iskall85,Jerma985,1
1949,iskall85,KatherineElizabeth,1
1950,iskall85,Keralis,1
1951,iskall85,Kwebbelkop,1
1952,iskall85,LDShadowLady,1
1953,iskall85,Minecraft,1
1954,iskall85,PearlescentMoon,1
1955,iskall85,Philza,1
1956,iskall85,Purplecliffe,1
1957,iskall85,RanbooLive,1
1958,iskall85,Riot Games,1
1959,iskall85,Roffle,1
1960,iskall85,SB737,1
1961,iskall85,Scripe,1
1962,iskall85,Smajor,1
1963,iskall85,SmallAnt,1
1964,iskall85,Smallishbeans,1
1965,iskall85,Sommerset,1
1966,iskall85,Technoblade,1
1967,iskall85,ThatMumboJumbo,1
1968,iskall85,TheOrionSound,1
1969,iskall85,TinaKitten,1
1970,iskall85,Tubbo,1
1971,iskall85,Wisp,1
1972,iskall85,Xisuma,1
1973,iskall85,Yntmoe,1
1974,iskall85,amaRhana,1
1975,iskall85,awesamdude,1
1976,iskall85,docm77LIVE,1
1977,iskall85,dreamwastaken,1
1978,iskall85,eiszeal,1
1979,iskall85,ezkkyy,1
1980,iskall85,illumina1337,1
1981,iskall85,im_a_squid_kid,1
1982,iskall85,impulseSV,1
1983,iskall85,itsmaralee,1
1984,iskall85,itsvaydra,1
1985,iskall85,joeygraceffa,1
1986,iskall85,miner2800,1
1987,iskall85,olossal,1
1988,iskall85,rendogtv,1
1989,iskall85,tommyinnit,1
1990,iskall85,tommyinnitalt,1
1991,iskall85,xNestorio,1
1992,justin,1wron3k,2
1993,justin,39daph,1
1994,justin,AhmtGzms,1
1995,justin,Amouranth,1
1996,justin,Arkhram,1
1997,justin,Bernie_Sanders,1
1998,justin,Burak,1
1999,justin,Calculator,1
2000,justin,CallMeCarsonLIVE,1
2001,justin,Castro_1021,1
2002,justin,ChickenWingCandy,1
2003,justin,CoachBoop,1
2004,justin,DashDucks,1
2005,justin,Demon,1
2006,justin,DevonJenelle,1
2007,justin,DinoNuggetsLIVE,1
2008,justin,FeelsIncredibleMan,1
2009,justin,GuhRL,1
2010,justin,Jezyk123__,1
2011,justin,JimmyHere,1
2012,justin,KeebSooN,1
2013,justin,King,1
2014,justin,Lacari,1
2015,justin,LilianGrimm,1
2016,justin,Lunalya,1
2017,justin,MOTOR,1
2018,justin,Mamm0n,1
2019,justin,McconnellRet,1
2020,justin,MedyaLab,1
2021,justin,MrDzinold,1
2022,justin,Mr_ChanChan,1
2023,justin,Niivzy,1
2024,justin,Nixxea,1
2025,justin,NymN,1
2026,justin,Patryk_Krutyj,1
2027,justin,Pausenapfel,1
2028,justin,Prunky,1
2029,justin,QuestCape,1
2030,justin,QuickyBaby,1
2031,justin,RETRORA,1
2032,justin,ShahZaM,1
2033,justin,Shy_,1
2034,justin,SicK_cs,1
2035,justin,SpookyUnagi,1
2036,justin,StreamerHouse,1
2037,justin,Syna,1
2038,justin,Szzalony,1
2039,justin,ThatBronzeGirl,1
2040,justin,The_Cathead,1
2041,justin,Tomek_Poradzisz,1
2042,justin,Twitch,1
2043,justin,Yabbe,1
2044,justin,apandah,1
2045,justin,berkriptepe,1
2046,justin,bill,1
2047,justin,bobzeraaa,1
2048,justin,czaronba_,1
2049,justin,dav,1
2050,justin,davi,1
2051,justin,fitraenn,1
2052,justin,fleshu_,1
2053,justin,glen,1
2054,justin,i_olga,1
2055,justin,ibabyrainbow,1
2056,justin,internaziomale,1
2057,justin,itsJerian,1
2058,justin,iyouxin,1
2059,justin,jtv,1
2060,justin,kacperblonsky,1
2061,justin,kings,1
2062,justin,lilypichu,1
2063,justin,loltyler1,1
2064,justin,moistcr1tikal,1
2065,justin,nAts,1
2066,justin,oskarek_312,1
2067,justin,packer,1
2068,justin,pixelwulllf,1
2069,justin,richwcampbell,1
2070,justin,rybnetpolskaspzoo,1
2071,justin,sandyjackson92_,1
2072,justin,saniye,1
2073,justin,shamana,1
2074,justin,soykaylinda,1
2075,justin,sukidingels,1
2076,justin,superjamppi,1
2077,justin,tense198_v2,1
2078,justin,trevo,1
2079,justin,vann,1
2080,justin,wilddip,1
2081,justin,xQcOW,1
2082,justin,ぬこまろ,1
2083,karljacobs,Ash_on_LoL,2
2084,karljacobs,BadBoyHalo,1
2085,karljacobs,Burn,1
2086,karljacobs,CaptainPuffy,1
2087,karljacobs,Corpse_Husband,1
2088,karljacobs,DaniMilkman,1
2089,karljacobs,DianasaurLive,1
2090,karljacobs,DreamExtras,1
2091,karljacobs,GeorgeNotFound,1
2092,karljacobs,JackManifoldTV,1
2093,karljacobs,JustaMinx,1
2094,karljacobs,Kallmekris,1
2095,karljacobs,Lysium,1
2096,karljacobs,Mizkif,1
2097,karljacobs,Nihachu,1
2098,karljacobs,Philza,1
2099,karljacobs,Quackity,1
2100,karljacobs,QuackityToo,1
2101,karljacobs,QuarterJade,1
2102,karljacobs,Ramee,1
2103,karljacobs,Ramikillzz,1
2104,karljacobs,RanbooLive,1
2105,karljacobs,Sapnap,1
2106,karljacobs,Spooftly,1
2107,karljacobs,Sykkuno,1
2108,karljacobs,Technoblade,1
2109,karljacobs,Teeqo,1
2110,karljacobs,ThisIsNotGeorgeNotFound,1
2111,karljacobs,TommyinnitJr_Real,1
2112,karljacobs,Tubbo,1
2113,karljacobs,TubboLIVE,1
2114,karljacobs,Valkyrae,1
2115,karljacobs,Whippy,1
2116,karljacobs,WilburSoot,1
2117,karljacobs,beautie_,1
2118,karljacobs,dreamwastaken,1
2119,karljacobs,jamescharles,1
2120,karljacobs,jschlatt,1
2121,karljacobs,karljacobs_alt,1
2122,karljacobs,karlnetwork,1
2123,karljacobs,keatonellery0420,1
2124,karljacobs,overtireddoodlr,1
2125,karljacobs,peterparkTV,1
2126,karljacobs,techneoblade,1
2127,karljacobs,tommyinnit,1
2128,karljacobs,zaneghee,1
2129,kkatamina,5uppp,2
2130,kkatamina,AaronOnAir,1
2131,kkatamina,Antfrost,1
2132,kkatamina,AriaSaki,1
2133,kkatamina,Atrioc,1
2134,kkatamina,Braalik,1
2135,kkatamina,Brofain,1
2136,kkatamina,BrookeAB,1
2137,kkatamina,ClashOfClans,1
2138,kkatamina,ConnorEatsPants,1
2139,kkatamina,CriticalBard,1
2140,kkatamina,DisguisedToast,1
2141,kkatamina,EmmaLangevin,1
2142,kkatamina,GoodTimesWithScar,1
2143,kkatamina,HBomb94,1
2144,kkatamina,Masayoshi,1
2145,kkatamina,NASA,1
2146,kkatamina,Natsumiii,1
2147,kkatamina,OfflineTV,1
2148,kkatamina,OriLovesTea,1
2149,kkatamina,QuarterJade,1
2150,kkatamina,Ray__C,1
2151,kkatamina,SMii7Y,1
2152,kkatamina,Seapeekay,1
2153,kkatamina,Slimecicle,1
2154,kkatamina,Sneegsnag,1
2155,kkatamina,Stanz,1
2156,kkatamina,Stressmonster,1
2157,kkatamina,Sykkuno,1
2158,kkatamina,TangoTek,1
2159,kkatamina,TenZ,1
2160,kkatamina,TheOnlyZanMan,1
2161,kkatamina,TinaKitten,1
2162,kkatamina,Tubbo,1
2163,kkatamina,VALORANT,1
2164,kkatamina,Viperous,1
2165,kkatamina,Welsknight,1
2166,kkatamina,Wisp,1
2167,kkatamina,Xisuma,1
2168,kkatamina,Yoclesh,1
2169,kkatamina,ZedaphPlays,1
2170,kkatamina,aceu,1
2171,kkatamina,aksually,1
2172,kkatamina,buddha,1
2173,kkatamina,codetechnician,1
2174,kkatamina,fairlygab,1
2175,kkatamina,fuslie,1
2176,kkatamina,gamesarehaunted,1
2177,kkatamina,graceful_addison,1
2178,kkatamina,gracienz,1
2179,kkatamina,iam_not_ag,1
2180,kkatamina,ima_mistake,1
2181,kkatamina,karljacobs,1
2182,kkatamina,kieranddev,1
2183,kkatamina,lilypichu,1
2184,kkatamina,lokk_o_O,1
2185,kkatamina,ludwig,1
2186,kkatamina,marshrooms_,1
2187,kkatamina,megan_of_all_trades,1
2188,kkatamina,michaelreeves,1
2189,kkatamina,phoodu,1
2190,kkatamina,piso4,1
2191,kkatamina,pokimane,1
2192,kkatamina,ranboobutnot,1
2193,kkatamina,sadboytrish,1
2194,kkatamina,soinirk,1
2195,kkatamina,starsmitten,1
2196,kkatamina,supcaitlin,1
2197,kkatamina,taplsecret,1
2198,kkatamina,yvonnie,1
2199,landonorris,APlatypuss,2
2200,landonorris,Asmongold,1
2201,landonorris,BoTmAnGodik,1
2202,landonorris,Bobbynehastreamel,1
2203,landonorris,ClintStevens,1
2204,landonorris,ConvexYouTube,1
2205,landonorris,Cru5hh,1
2206,landonorris,Crystalst,1
2207,landonorris,Daxxtr,1
2208,landonorris,Dysmo,1
2209,landonorris,Flashpoint,1
2210,landonorris,GR63,1
2211,landonorris,Gamekeepers_cz,1
2212,landonorris,GeorgeNotFound,1
2213,landonorris,Hirona,1
2214,landonorris,Hotted89,1
2215,landonorris,KYR_SP33DY,1
2216,landonorris,KaraCorvus,1
2217,landonorris,LukeSpittle,1
2218,landonorris,MattRP,1
2219,landonorris,Mizkif,1
2220,landonorris,MrdotApple,1
2221,landonorris,Myth,1
2222,landonorris,NICKMERCS,1
2223,landonorris,Otzdarva,1
2224,landonorris,Paulleewhirl,1
2225,landonorris,Spaceboy,1
2226,landonorris,SpokeIsHere,1
2227,landonorris,Swagg,1
2228,landonorris,Szkaly_,1
2229,landonorris,TenSterakdary,1
2230,landonorris,TimTheTatman,1
2231,landonorris,Tubbo,1
2232,landonorris,UneasyPeasy,1
2233,landonorris,W2S,1
2234,landonorris,WhosImmortal,1
2235,landonorris,Yetiapocalypse,1
2236,landonorris,aleks,1
2237,landonorris,anthonyssenpai,1
2238,landonorris,cloakzy,1
2239,landonorris,dafran,1
2240,landonorris,erobb221,1
2241,landonorris,gallaisaming,1
2242,landonorris,kubattadeas1,1
2243,landonorris,likehousecz,1
2244,landonorris,ludwig,1
2245,landonorris,nagymartonfmm,1
2246,landonorris,notcib,1
2247,landonorris,oveskas,1
2248,landonorris,ozzaworld,1
2249,landonorris,pokimane,1
2250,landonorris,qMARIOx,1
2251,landonorris,romanflynn,1
2252,landonorris,theneedledrop,1
2253,landonorris,toxirues_lw,1
2254,landonorris,usadapekora_hololive,1
2255,landonorris,vGumiho,1
2256,landonorris,warr_rj,1
2257,landonorris,りんこ,1
2258,landonorris,火暴可可,1
2259,loltyler1,AdinRoss,2
2260,loltyler1,BeyondTheSummit,1
2261,loltyler1,BlackLetti,1
2262,loltyler1,Blooprint,1
2263,loltyler1,ChelbM,1
2264,loltyler1,DualViewYT,1
2265,loltyler1,ELEAGUE TV,1
2266,loltyler1,EmmaLangevin,1
2267,loltyler1,FabulousN,1
2268,loltyler1,Fextralife,1
2269,loltyler1,Flight23white,1
2270,loltyler1,Forky,1
2271,loltyler1,Frank_Cuesta,1
2272,loltyler1,GeT_RiGhT,1
2273,loltyler1,IMIANplays,1
2274,loltyler1,KXMI,1
2275,loltyler1,LiaSikora,1
2276,loltyler1,MuAwaY,1
2277,loltyler1,NBL,1
2278,loltyler1,NRG_JZR,1
2279,loltyler1,Natettvrp,1
2280,loltyler1,Nic0le,1
2281,loltyler1,NotErhui,1
2282,loltyler1,PMoney,1
2283,loltyler1,Paulusz_,1
2284,loltyler1,PsheroTV,1
2285,loltyler1,Riot Games,1
2286,loltyler1,RiotGamesTurkish,1
2287,loltyler1,SayeedBlack,1
2288,loltyler1,SgtApollo,1
2289,loltyler1,Spoodah,1
2290,loltyler1,Spursito,1
2291,loltyler1,StarLadder_cs_en,1
2292,loltyler1,Sykkuno,1
2293,loltyler1,TOXMO_,1
2294,loltyler1,Thebausffs,1
2295,loltyler1,ToastyBros,1
2296,loltyler1,Vizicsacsi,1
2297,loltyler1,aceu,1
2298,loltyler1,adeptthebest,1
2299,loltyler1,azialive,1
2300,loltyler1,bluelikeblue,1
2301,loltyler1,boxbox,1
2302,loltyler1,cherrycollectables,1
2303,loltyler1,duckyyduck_,1
2304,loltyler1,fl0m,1
2305,loltyler1,fuslie,1
2306,loltyler1,gameintv1,1
2307,loltyler1,jalooouis,1
2308,loltyler1,lilypichu,1
2309,loltyler1,malacko_lol,1
2310,loltyler1,nights1de_tv,1
2311,loltyler1,pokimane,1
2312,loltyler1,tenfumbs,1
2313,loltyler1,thesaviors_hestia,1
2314,loltyler1,tuonto,1
2315,loltyler1,vivienpittner,1
2316,loltyler1,xQcOW,1
2317,loltyler1,yvonnie,1
2318,loltyler1,융교,1
2319,loltyler1,쿠하_,1
2320,ludwig,Bliiitzenn,2
2321,ludwig,BrookeAB,1
2322,ludwig,Bustin,1
2323,ludwig,CDNThe3rd,1
2324,ludwig,Corpse_Husband,1
2325,ludwig,Crayator,1
2326,ludwig,DannehTV,1
2327,ludwig,DeviTheDeviant,1
2328,ludwig,DisguisedToast,1
2329,ludwig,DrLupo,1
2330,ludwig,DreamAlt_,1
2331,ludwig,DropsByPonk,1
2332,ludwig,FarmerDils,1
2333,ludwig,Gladd,1
2334,ludwig,HoodMeals,1
2335,ludwig,JackManifoldTV,1
2336,ludwig,KatherineElizabeth,1
2337,ludwig,KingGeorge,1
2338,ludwig,Lachlanyt,1
2339,ludwig,Lady_Siara,1
2340,ludwig,Laqqqy,1
2341,ludwig,NarcolepticNugget,1
2342,ludwig,OverwatchLeague,1
2343,ludwig,PETRAFYINGLOTUS,1
2344,ludwig,Relxchillin,1
2345,ludwig,SOLIDFPS,1
2346,ludwig,Sacriel,1
2347,ludwig,Scarra,1
2348,ludwig,Smajor,1
2349,ludwig,Smallishbeans,1
2350,ludwig,Snifferish,1
2351,ludwig,Stonepa,1
2352,ludwig,Sykkuno,1
2353,ludwig,SypherPK,1
2354,ludwig,ThisIsNotGeorgeNotFound,1
2355,ludwig,TimTheTatman,1
2356,ludwig,TinaKitten,1
2357,ludwig,ValsOcean_,1
2358,ludwig,Wisp,1
2359,ludwig,Xaryu,1
2360,ludwig,Yoshinom,1
2361,ludwig,arikadou,1
2362,ludwig,awesamdude,1
2363,ludwig,bnans,1
2364,ludwig,dreamwastaken,1
2365,ludwig,florettatv,1
2366,ludwig,fuslie,1
2367,ludwig,hairyshr1mp,1
2368,ludwig,hannahxxrose,1
2369,ludwig,illumina1337,1
2370,ludwig,imjazztired,1
2371,ludwig,iskall85,1
2372,ludwig,just9n,1
2373,ludwig,kirtyninja,1
2374,ludwig,lilypichu,1
2375,ludwig,mL7support,1
2376,ludwig,michaelreeves,1
2377,ludwig,neimki,1
2378,ludwig,pokimane,1
2379,ludwig,qwerty,1
2380,ludwig,ritoji_mekaki,1
2381,ludwig,seaottaAJ,1
2382,ludwig,shroud,1
2383,ludwig,summit1g,1
2384,ludwig,tommyinnit,1
2385,ludwig,x2Twins,1
2386,ludwig,xQcOW,1
2387,ludwig,xenezene,1
2388,ludwig,yvonnie,1
2389,ludwig,zackrawrr,1
2390,michaelreeves,Asmongold,2
2391,michaelreeves,Couriway,1
2392,michaelreeves,CyberChimpTV,1
2393,michaelreeves,DavidDobrik,1
2394,michaelreeves,DeadMeatJames,1
2395,michaelreeves,DisguisedToast,1
2396,michaelreeves,Dyrus,1
2397,michaelreeves,E3,1
2398,michaelreeves,Enviosity,1
2399,michaelreeves,Fishey39,1
2400,michaelreeves,Fitzyhere,1
2401,michaelreeves,GMHikaru,1
2402,michaelreeves,GMNaroditsky,1
2403,michaelreeves,GenshinImpactOfficial,1
2404,michaelreeves,GoodTimesWithScar,1
2405,michaelreeves,JaidenAnimations,1
2406,michaelreeves,JasonSulli,1
2407,michaelreeves,JellyBean,1
2408,michaelreeves,JohnRobertBell,1
2409,michaelreeves,KristoferYee,1
2410,michaelreeves,Markiplier,1
2411,michaelreeves,MonroeThePro,1
2412,michaelreeves,Mr_Brunswick,1
2413,michaelreeves,Nagzz21,1
2414,michaelreeves,Natsumiii,1
2415,michaelreeves,Nightbot,1
2416,michaelreeves,OhTofu,1
2417,michaelreeves,PlanetPeebs,1
2418,michaelreeves,RTGame,1
2419,michaelreeves,RayTheGreatYT,1
2420,michaelreeves,Riot Games,1
2421,michaelreeves,SR_Kaif,1
2422,michaelreeves,Scarra,1
2423,michaelreeves,SexyGamingCouple,1
2424,michaelreeves,SpotasticLIVE,1
2425,michaelreeves,StarBoiBlue,1
2426,michaelreeves,Stressmonster,1
2427,michaelreeves,Sykkuno,1
2428,michaelreeves,TangoTek,1
2429,michaelreeves,TheFatRatTV,1
2430,michaelreeves,TheOnlyZanMan,1
2431,michaelreeves,TheUnexpectables,1
2432,michaelreeves,Welsknight,1
2433,michaelreeves,Xisuma,1
2434,michaelreeves,ZedaphPlays,1
2435,michaelreeves,boxbox,1
2436,michaelreeves,cuptoast,1
2437,michaelreeves,davidalvareeezy,1
2438,michaelreeves,ily_kra,1
2439,michaelreeves,imaqtpie,1
2440,michaelreeves,imls,1
2441,michaelreeves,iskall85,1
2442,michaelreeves,itsRyanHiga,1
2443,michaelreeves,jacksepticeye,1
2444,michaelreeves,jankylankyTV,1
2445,michaelreeves,johnnyyoung115,1
2446,michaelreeves,jschlatt,1
2447,michaelreeves,karljacobs,1
2448,michaelreeves,karlnetwork,1
2449,michaelreeves,lilypichu,1
2450,michaelreeves,ludwig,1
2451,michaelreeves,moistcr1tikal,1
2452,michaelreeves,monroe_tarta,1
2453,michaelreeves,monroejkee,1
2454,michaelreeves,mr_goxx,1
2455,michaelreeves,nhirvana,1
2456,michaelreeves,nixozip,1
2457,michaelreeves,oldbuzzardt,1
2458,michaelreeves,pokimane,1
2459,michaelreeves,randy,1
2460,michaelreeves,sexysanz,1
2461,michaelreeves,sockztvv,1
2462,michaelreeves,starbrrr,1
2463,michaelreeves,tfmjonny,1
2464,michaelreeves,thegameawards,1
2465,michaelreeves,xQcOW,1
2466,michaelreeves,xTheCollectionx,1
2467,michaelreeves,xo_kawaii_neko,1
2468,michaelreeves,yvonnie,1
2469,michaelreeves,39daph,1
2470,michaelreeves,Angeschrien,1
2471,michaelreeves,Bandoot,1
2472,michaelreeves,Blushi,1
2473,michaelreeves,Ch0pper,1
2474,michaelreeves,Corpse_Husband,1
2475,michaelreeves,EvanAndKatelyn,1
2476,michaelreeves,F1NN5TER,1
2477,michaelreeves,Fiizy,1
2478,michaelreeves,GetHip,1
2479,michaelreeves,Gigguk,1
2480,michaelreeves,GreatMoonAroma,1
2481,michaelreeves,Grimm,1
2482,michaelreeves,Hiko,1
2483,michaelreeves,JayhoonTwitch,1
2484,michaelreeves,JokerMG,1
2485,michaelreeves,Kingman_,1
2486,michaelreeves,Lolathon,1
2487,michaelreeves,LydianMelody,1
2488,michaelreeves,Markiplier,1
2489,michaelreeves,Maya,1
2490,michaelreeves,Mizkif,1
2491,michaelreeves,NASA,1
2492,michaelreeves,NuxTaku,1
2493,michaelreeves,Pixlriffs,1
2494,michaelreeves,PointCrow,1
2495,michaelreeves,QuarterJade,1
2496,michaelreeves,SPeedYdeni,1
2497,michaelreeves,ShahZaM,1
2498,michaelreeves,Shenpai,1
2499,michaelreeves,SmallAnt,1
2500,michaelreeves,Socksfor1,1
2501,michaelreeves,Sykkuno,1
2502,michaelreeves,TenZ,1
2503,michaelreeves,VikingPilot,1
2504,michaelreeves,Wallibear,1
2505,michaelreeves,WilburSoot,1
2506,michaelreeves,Xlice,1
2507,michaelreeves,aboedmxtest,1
2508,michaelreeves,apandah,1
2509,michaelreeves,dish,1
2510,michaelreeves,fuslie,1
2511,michaelreeves,garbage_stream,1
2512,michaelreeves,heyimbee,1
2513,michaelreeves,ironmouse,1
2514,michaelreeves,jacksepticeye,1
2515,michaelreeves,kkatamina,1
2516,michaelreeves,lilypi2,1
2517,michaelreeves,lilypichu,1
2518,michaelreeves,ludwig,1
2519,michaelreeves,moistcr1tikal,1
2520,michaelreeves,mondo_goh,1
2521,michaelreeves,oo_Morgan,1
2522,michaelreeves,pokimane,1
2523,michaelreeves,projektmelody,1
2524,michaelreeves,riniee_,1
2525,michaelreeves,shiatsushane,1
2526,michaelreeves,shroud,1
2527,michaelreeves,sinatraa,1
2528,michaelreeves,spinigotilla,1
2529,michaelreeves,tommyinnit,1
2530,michaelreeves,tommyinnitalt,1
2531,michaelreeves,tuonto,1
2532,michaelreeves,xPandorya,1
2533,michaelreeves,zertecfi,1
2534,michaelreeves,콕스99,1
2535,michaelreeves,39daph,2
2536,michaelreeves,AceyTheKitty,1
2537,michaelreeves,Blooprint,1
2538,michaelreeves,BotezLive,1
2539,michaelreeves,Branbot64k,1
2540,michaelreeves,CallMeCarsonLIVE,1
2541,michaelreeves,DaniMilkman,1
2542,michaelreeves,Datto,1
2543,michaelreeves,DisguisedToast,1
2544,michaelreeves,Faker,1
2545,michaelreeves,Fernanfloo,1
2546,michaelreeves,Fitz,1
2547,michaelreeves,GMHikaru,1
2548,michaelreeves,GothamChess,1
2549,michaelreeves,Grady,1
2550,michaelreeves,IMist_TF,1
2551,michaelreeves,Jummychu,1
2552,michaelreeves,Kariyu,1
2553,michaelreeves,KipSnip,1
2554,michaelreeves,Linkzzey,1
2555,michaelreeves,Lolipopgi,1
2556,michaelreeves,MAAU,1
2557,michaelreeves,MaskedArab,1
2558,michaelreeves,MysticatLive,1
2559,michaelreeves,NRG_JZR,1
2560,michaelreeves,Philza,1
2561,michaelreeves,QTCinderella,1
2562,michaelreeves,Ray__C,1
2563,michaelreeves,Stake,1
2564,michaelreeves,SwaggerSouls,1
2565,michaelreeves,Technoblade,1
2566,michaelreeves,ThatMumboJumbo,1
2567,michaelreeves,Urdenwaz,1
2568,michaelreeves,WePlayRocketLeague,1
2569,michaelreeves,Yatsufusa__,1
2570,michaelreeves,aceu,1
2571,michaelreeves,asyayn,1
2572,michaelreeves,dunkstream,1
2573,michaelreeves,gamergryffindor,1
2574,michaelreeves,iamdens,1
2575,michaelreeves,imrosen,1
2576,michaelreeves,kaifaan,1
2577,michaelreeves,kkatamina,1
2578,michaelreeves,knekro,1
2579,michaelreeves,lProd_,1
2580,michaelreeves,lilypi2,1
2581,michaelreeves,lilypichu,1
2582,michaelreeves,loltyler1,1
2583,michaelreeves,ludwig,1
2584,michaelreeves,marshallpgraham,1
2585,michaelreeves,moistcr1tikal,1
2586,michaelreeves,penguingm1,1
2587,michaelreeves,pokimane,1
2588,michaelreeves,sodapoppin,1
2589,michaelreeves,tarik,1
2590,michaelreeves,twebs,1
2591,michaelreeves,woops,1
2592,michaelreeves,wterbttle,1
2593,michaelreeves,xQcOW,1
2594,pokimane,Amouranth,2
2595,pokimane,Ash_on_LoL,1
2596,pokimane,Ashi,1
2597,pokimane,Berticuss,1
2598,pokimane,Blinkx_,1
2599,pokimane,CinCinBear,1
2600,pokimane,CodeMiko,1
2601,pokimane,Coroul,1
2602,pokimane,Corpse_Husband,1
2603,pokimane,CriticalRole,1
2604,pokimane,DanTDM,1
2605,pokimane,DisguisedToast,1
2606,pokimane,FRAN,1
2607,pokimane,Foir,1
2608,pokimane,GMHikaru,1
2609,pokimane,GothamChess,1
2610,pokimane,Grritzz,1
2611,pokimane,Iman,1
2612,pokimane,ItsLeslie,1
2613,pokimane,Kluboo,1
2614,pokimane,Kyedae,1
2615,pokimane,Loserfruit,1
2616,pokimane,Max_Fewtrell,1
2617,pokimane,MicawaveTV,1
2618,pokimane,NGON,1
2619,pokimane,Ninja,1
2620,pokimane,PhotoChess,1
2621,pokimane,SMii7Y,1
2622,pokimane,Sykkuno,1
2623,pokimane,ThatPunchKid,1
2624,pokimane,Whippy,1
2625,pokimane,Zemie,1
2626,pokimane,actingliketommy,1
2627,pokimane,akaNemsko,1
2628,pokimane,alittlekay,1
2629,pokimane,bearpigcentral,1
2630,pokimane,harumeiji,1
2631,pokimane,jacksepticeye,1
2632,pokimane,katliente,1
2633,pokimane,landonorris,1
2634,pokimane,lilbriezzle,1
2635,pokimane,ludwig,1
2636,pokimane,moistcr1tikal,1
2637,pokimane,shroud,1
2638,pokimane,sync069,1
2639,pokimane,synci01,1
2640,pokimane,tommyinnit,1
2641,pokimane,tommyinnitalt,1
2642,pokimane,4zrr,2
2643,pokimane,AZGARD72,1
2644,pokimane,Amouranth,1
2645,pokimane,Aydan,1
2646,pokimane,DanTDM,1
2647,pokimane,DisguisedToast,1
2648,pokimane,Donkaaklijn,1
2649,pokimane,DrDisrespect,1
2650,pokimane,Duncan,1
2651,pokimane,Folcr0me,1
2652,pokimane,Fresh,1
2653,pokimane,ImRageElixir,1
2654,pokimane,Joost,1
2655,pokimane,Kyedae,1
2656,pokimane,Malinkaa98,1
2657,pokimane,MarkOfJang,1
2658,pokimane,MsTriggaHappy_,1
2659,pokimane,NICKMERCS,1
2660,pokimane,NoelDekkers,1
2661,pokimane,OLESYALIBERMAN,1
2662,pokimane,ONE_shot_GURL,1
2663,pokimane,Patricius_z,1
2664,pokimane,SSundeeGames,1
2665,pokimane,Scarra,1
2666,pokimane,SmitySenpai,1
2667,pokimane,Sommerset,1
2668,pokimane,Sompo_,1
2669,pokimane,Sykkuno,1
2670,pokimane,Talmo,1
2671,pokimane,Tewtiy,1
2672,pokimane,TinaKitten,1
2673,pokimane,Tst0rmz,1
2674,pokimane,Valeria7K,1
2675,pokimane,W2S,1
2676,pokimane,bionicsan,1
2677,pokimane,dentozfortnite,1
2678,pokimane,ginct,1
2679,pokimane,h1dro321,1
2680,pokimane,hiwkhawmakka,1
2681,pokimane,ianrocks,1
2682,pokimane,iiTzTimmy,1
2683,pokimane,jakenbakeLIVE,1
2684,pokimane,jarnoopmeer,1
2685,pokimane,jinny_yyamroll,1
2686,pokimane,lammysnax_,1
2687,pokimane,larspeterzon,1
2688,pokimane,lilypichu,1
2689,pokimane,loltyler1,1
2690,pokimane,ludwig,1
2691,pokimane,michaelreeves,1
2692,pokimane,nekoneko21,1
2693,pokimane,popazik,1
2694,pokimane,revoxii1,1
2695,pokimane,s1mple,1
2696,pokimane,sandrou62_amo,1
2697,pokimane,shroud,1
2698,pokimane,sinatraa,1
2699,pokimane,sisma_sisma,1
2700,pokimane,肉乙,1
2701,tuonto,Aedrox_,2
2702,tuonto,AsianGuyStream,1
2703,tuonto,CJ_illustrate,1
2704,tuonto,Corpse_Husband,1
2705,tuonto,DropsByPonk,1
2706,tuonto,ELoTRiX,1
2707,tuonto,Emiru,1
2708,tuonto,Eret,1
2709,tuonto,Faith,1
2710,tuonto,GenshinImpactOfficial,1
2711,tuonto,GratisStatus,1
2712,tuonto,LukeNukemLIVE,1
2713,tuonto,Mangel,1
2714,tuonto,Maya,1
2715,tuonto,Nalopia,1
2716,tuonto,Ota_Kun_,1
2717,tuonto,Porsche,1
2718,tuonto,Quackity,1
2719,tuonto,Rinspirit_art,1
2720,tuonto,Sapnap,1
2721,tuonto,Sekiam,1
2722,tuonto,Smajor1995hb,1
2723,tuonto,SteveAlvarezBrown,1
2724,tuonto,TakaGGUwU,1
2725,tuonto,TenhaTV,1
2726,tuonto,Tubbo,1
2727,tuonto,TubboLIVE,1
2728,tuonto,WilburSoot,1
2729,tuonto,Zeling,1
2730,tuonto,akron,1
2731,tuonto,allicoh,1
2732,tuonto,antonychenn,1
2733,tuonto,biyin_,1
2734,tuonto,bwaaap,1
2735,tuonto,dish,1
2736,tuonto,dreamwastaken,1
2737,tuonto,fritzzes,1
2738,tuonto,ghostgamer97_,1
2739,tuonto,ibai,1
2740,tuonto,jakepauler92cool,1
2741,tuonto,janiphobia,1
2742,tuonto,karljacobs,1
2743,tuonto,karlnetwork,1
2744,tuonto,melina,1
2745,tuonto,ranbooalt,1
2746,tuonto,rexncu,1
2747,tuonto,sc0utog,1
2748,tuonto,skeppy,1
2749,tuonto,tommyinnit,1
2750,tuonto,xFibii,1
2751,xChocoBars,AriGameplays,2
2752,xChocoBars,CrystalMolly,1
2753,xChocoBars,Dekar173,1
2754,xChocoBars,DeliciousMilkGG,1
2755,xChocoBars,DisguisedToast,1
2756,xChocoBars,Dopebro_420,1
2757,xChocoBars,Dropped,1
2758,xChocoBars,Faker,1
2759,xChocoBars,HootOwlChris,1
2760,xChocoBars,Jane,1
2761,xChocoBars,Jankos,1
2762,xChocoBars,KOzakeira,1
2763,xChocoBars,KhanDBL,1
2764,xChocoBars,KingJawsie,1
2765,xChocoBars,Kiyoon,1
2766,xChocoBars,LEC,1
2767,xChocoBars,LLA,1
2768,xChocoBars,LazerWohlf,1
2769,xChocoBars,LivedoJoni,1
2770,xChocoBars,Nokokopuffs,1
2771,xChocoBars,Pazu_mekt,1
2772,xChocoBars,Pokemon,1
2773,xChocoBars,Sabz_Bear,1
2774,xChocoBars,SaltQueenHD,1
2775,xChocoBars,ScrubNoob,1
2776,xChocoBars,TSM_ImperialHal,1
2777,xChocoBars,TeLoResumoAsiNomas,1
2778,xChocoBars,TeamfightTactics,1
2779,xChocoBars,TheSandSamurai,1
2780,xChocoBars,Wes_FearAndFina,1
2781,xChocoBars,YoDa,1
2782,xChocoBars,ZormanWorld,1
2783,xChocoBars,alexelcapo,1
2784,xChocoBars,auditydraws,1
2785,xChocoBars,boxbox,1
2786,xChocoBars,caps,1
2787,xChocoBars,cillia1,1
2788,xChocoBars,dogdog,1
2789,xChocoBars,ego_illusions,1
2790,xChocoBars,emilyywang,1
2791,xChocoBars,escoria,1
2792,xChocoBars,fuscarrinhas,1
2793,xChocoBars,iSweatband,1
2794,xChocoBars,imaqtpie,1
2795,xChocoBars,juansguarnizo,1
2796,xChocoBars,jupeson,1
2797,xChocoBars,k3soju,1
2798,xChocoBars,karinamfigueira,1
2799,xChocoBars,lilpoogi,1
2800,xChocoBars,lordjirall,1
2801,xChocoBars,mainchocobollo,1
2802,xChocoBars,mandicaa,1
2803,xChocoBars,mery_soldier,1
2804,xChocoBars,moistcr1tikal,1
2805,xChocoBars,ny_helena,1
2806,xChocoBars,pockygom,1
2807,xChocoBars,sdotewan,1
2808,xChocoBars,se1ya,1
2809,xChocoBars,shani132_,1
2810,xChocoBars,starsmitten,1
2811,xChocoBars,strawberry_butts,1
2812,xChocoBars,sweetdreams,1
2813,xChocoBars,thebesttaco,1
2814,xChocoBars,tvaztecaesports,1
2815,xChocoBars,vkimm,1
2816,xChocoBars,vlonevvolf,1
2817,xChocoBars,啊路,1
2818,xChocoBars,小香,1
2819,xChocoBars,雞肉披薩,1
2820,xChocoBars,갓하엘_,1
2821,xChocoBars,꽃빵_,1
2822,xChocoBars,빛베리,1
2823,xQcOW,Alixxa,2
2824,xQcOW,Amar,1
2825,xQcOW,AnimeVibesRadio,1
2826,xQcOW,Anzu_o0,1
2827,xQcOW,BLASTPremier,1
2828,xQcOW,BadBoyHalo,1
2829,xQcOW,BikiniBodhi,1
2830,xQcOW,Blushi,1
2831,xQcOW,BobRoss,1
2832,xQcOW,Couriway,1
2833,xQcOW,D3iG0N,1
2834,xQcOW,DanTDM,1
2835,xQcOW,ESL_CSGO,1
2836,xQcOW,EdgeHawk976,1
2837,xQcOW,EiKaRRRamba,1
2838,xQcOW,FURIOUSSScs,1
2839,xQcOW,Faisalz,1
2840,xQcOW,Fearness,1
2841,xQcOW,Fukurocos,1
2842,xQcOW,HasanAbi,1
2843,xQcOW,IWHMl,1
2844,xQcOW,Krystalogy,1
2845,xQcOW,LCK_Korea,1
2846,xQcOW,LPL,1
2847,xQcOW,Lobanjicaa,1
2848,xQcOW,M1ME,1
2849,xQcOW,Maynard9210,1
2850,xQcOW,MikasaVP7,1
2851,xQcOW,Mongraal,1
2852,xQcOW,NiKo,1
2853,xQcOW,Princess,1
2854,xQcOW,RanbooLive,1
2855,xQcOW,RicoTheGiant,1
2856,xQcOW,Rodey,1
2857,xQcOW,Sharpshot4K,1
2858,xQcOW,Shibuya_Kaho,1
2859,xQcOW,Stewie2K,1
2860,xQcOW,Subroza,1
2861,xQcOW,Tfue,1
2862,xQcOW,TheAn1meMan,1
2863,xQcOW,ThePunisher2395,1
2864,xQcOW,VarMinttt,1
2865,xQcOW,Vixella,1
2866,xQcOW,Ykikamucow,1
2867,xQcOW,Zerkaa,1
2868,xQcOW,aedanhowell,1
2869,xQcOW,bionicpigtv,1
2870,xQcOW,camman18,1
2871,xQcOW,caps,1
2872,xQcOW,carzzy,1
2873,xQcOW,chonkytank,1
2874,xQcOW,dopa24,1
2875,xQcOW,fntooly0,1
2876,xQcOW,gusjohnson,1
2877,xQcOW,h3h3productions,1
2878,xQcOW,hana,1
2879,xQcOW,hoshiegaming,1
2880,xQcOW,ibiza,1
2881,xQcOW,iienet,1
2882,xQcOW,ilkerbostan1,1
2883,xQcOW,illumina1337,1
2884,xQcOW,imdanielle_,1
2885,xQcOW,julimarlon_tv,1
2886,xQcOW,kh7l,1
2887,xQcOW,l0lkhalia,1
2888,xQcOW,ludwig,1
2889,xQcOW,mamabenjyfishy1,1
2890,xQcOW,miaooomm,1
2891,xQcOW,miladsubs,1
2892,xQcOW,moistcr1tikal,1
2893,xQcOW,ninzkabinz,1
2894,xQcOW,physicalgamerz,1
2895,xQcOW,poiised,1
2896,xQcOW,pokimane,1
2897,xQcOW,r_yuan_67,1
2898,xQcOW,rapit_,1
2899,xQcOW,sane4m,1
2900,xQcOW,tarik,1
2901,xQcOW,thomaslukagm,1
2902,xQcOW,toiayz,1
2903,xQcOW,tsarlasar,1
2904,xQcOW,yougelly,1
2905,xQcOW,台灣鹿丸,1
2906,xQcOW,哈吉八,1
2907,xQcOW,晓嫭,1
2908,xQcOW,猫麦とろろ,1
2909,xQcOW,花花はな,1
2910,xQcOW,魔理花,1
2911,xQcOW,쵸단_,1
2912,yvonnie,AnthonyZ,2
2913,yvonnie,BaboAbe,1
2914,yvonnie,BadBoyHalo,1
2915,yvonnie,Blaustoise,1
2916,yvonnie,Brofain,1
2917,yvonnie,BrookeAB,1
2918,yvonnie,CashApp,1
2919,yvonnie,ClashOfClans,1
2920,yvonnie,DisguisedToast,1
2921,yvonnie,Enviosity,1
2922,yvonnie,Eret,1
2923,yvonnie,Foolish_Gamers,1
2924,yvonnie,GeeSice,1
2925,yvonnie,GenshinImpactOfficial,1
2926,yvonnie,GeorgeNotFound,1
2927,yvonnie,GoodTimesWithScar,1
2928,yvonnie,Hungrybox,1
2929,yvonnie,ImKaiCenat,1
2930,yvonnie,JaggerXTC,1
2931,yvonnie,Lady_Siara,1
2932,yvonnie,Leffen,1
2933,yvonnie,Maya,1
2934,yvonnie,MissSealy,1
2935,yvonnie,Mizkif,1
2936,yvonnie,MyaSalinaa,1
2937,yvonnie,Natsumiii,1
2938,yvonnie,OfflineTV,1
2939,yvonnie,QuarterJade,1
2940,yvonnie,RanbooLive,1
2941,yvonnie,Samsora,1
2942,yvonnie,Sapnap,1
2943,yvonnie,Scarra,1
2944,yvonnie,ShahZaM,1
2945,yvonnie,Silky,1
2946,yvonnie,Spxzzin,1
2947,yvonnie,Stressmonster,1
2948,yvonnie,Sydeon,1
2949,yvonnie,Sykkuno,1
2950,yvonnie,TangoTek,1
2951,yvonnie,ThisIsNotGeorgeNotFound,1
2952,yvonnie,Welsknight,1
2953,yvonnie,WilburSoot,1
2954,yvonnie,Xisuma,1
2955,yvonnie,ZedaphPlays,1
2956,yvonnie,aboedmxtest,1
2957,yvonnie,boxbox,1
2958,yvonnie,bxnita_jayy,1
2959,yvonnie,dreamwastaken,1
2960,yvonnie,florettatv,1
2961,yvonnie,fuslie,1
2962,yvonnie,hJune,1
2963,yvonnie,hairyshr1mp,1
2964,yvonnie,imjazztired,1
2965,yvonnie,karljacobs,1
2966,yvonnie,kirtyninja,1
2967,yvonnie,kkatamina,1
2968,yvonnie,lilypichu,1
2969,yvonnie,ludwig,1
2970,yvonnie,mang0,1
2971,yvonnie,michaelreeves,1
2972,yvonnie,moistcr1tikal,1
2973,yvonnie,nixozip,1
2974,yvonnie,peterparkTV,1
2975,yvonnie,pokimane,1
2976,yvonnie,ranboobutnot,1
2977,yvonnie,ritoji_mekaki,1
2978,yvonnie,savologicaI,1
2979,yvonnie,tommyinnitalt,1
2980,yvonnie,tweekssb,1
2981,yvonnie,xenezene,1
