shroud,AZRA
shroud,AntonLofer
shroud,Babyguana
shroud,BadBoyHalo
shroud,BatuhanMNT
shroud,BeautyPlaysGames
shroud,Caedrel
shroud,CurtisRyan
shroud,DannehTV
shroud,DisguisedToast
shroud,ElisabeteTV
shroud,FamilienvaterTv
shroud,Fextralife
shroud,GosuGeneralTV
shroud,KuziGang
shroud,LakshartNia
shroud,Launcelotdev92
shroud,MoxyMary
shroud,POW3Rtv
shroud,PRXf0rsakeN
shroud,PerlaNeraTV
shroud,Philza
shroud,PiezasMFT
shroud,RaufBaba25
shroud,Rogue
shroud,SendtwitchHD
shroud,ShivFPS
shroud,SpookyUnagi
shroud,Sykkuno
shroud,TenZ
shroud,TruNoom
shroud,Tubbo
shroud,Videoyun
shroud,alixmert
shroud,bcnfighters
shroud,betterbefelix
shroud,biyin_
shroud,d1mpleeeee
shroud,dota2ti
shroud,dota2ti_2
shroud,dota2ti_3
shroud,dota2ti_5
shroud,duskyduuck
shroud,eka2310_
shroud,ethos
shroud,ila_mos
shroud,itschatics
shroud,itsjustvex
shroud,jeb3bskii
shroud,michaelreeves
shroud,nukkye
shroud,pankyy
shroud,pokimane
shroud,rprx
shroud,stormen
shroud,summit1g
shroud,tirali
shroud,wasddwasdd
shroud,xQcOW
shroud,xQcOW_waiting_room
shroud,xXxTheFocuSxXx
shroud,yvonnie
shroud,zaralizara
AZRA,12robg
AZRA,8r8s
AZRA,ABOSLLO
AZRA,AdinRoss
AZRA,Amouranth
AZRA,BrookeAB
AZRA,ChickenWingCandy
AZRA,Chymistry
AZRA,DaniVisser
AZRA,DawidSSonek
AZRA,DiggzDaProphecy
AZRA,DjaniBoi
AZRA,Doggydogg20
AZRA,ESL_CSGOc
AZRA,E_Oranje
AZRA,Faith
AZRA,Falconly_
AZRA,FrancisNG
AZRA,Fundy
AZRA,G4TV
AZRA,GameMeneer
AZRA,Hime_Tsu
AZRA,Holls8
AZRA,Jur3ky
AZRA,JustaMinx
AZRA,Kalei
AZRA,Kaseko
AZRA,KoenWeijland
AZRA,Kur0Kib4
AZRA,Leynainu
AZRA,LiddyLune
AZRA,LittleAznChat
AZRA,MarineMammalRescue
AZRA,Marish_Asmr
AZRA,Michaelmcchill
AZRA,NUTSI
AZRA,Only_Limn
AZRA,PodaSaii
AZRA,RandomBruceTV
AZRA,Raveenly
AZRA,Sarmankedi
AZRA,Slick
AZRA,Soporific_Hollow
AZRA,TaylorMorgan__
AZRA,TheNicoleT
AZRA,Tiametmarduk
AZRA,TinaDames
AZRA,ToniGain
AZRA,TrackingThePros
AZRA,VEN0M
AZRA,W2S
AZRA,WAAD1
AZRA,ZONY
AZRA,aircool
AZRA,anamarreroph
AZRA,berleezy
AZRA,bluelikeblue
AZRA,clement_ttt
AZRA,demisux
AZRA,edivisie
AZRA,eolur
AZRA,faisal332222222
AZRA,flacojordi_
AZRA,franchoarcia
AZRA,gulen_tezek
AZRA,i6rba5
AZRA,kimberleex0x
AZRA,kimmee
AZRA,klitsh722
AZRA,lol_nemesis
AZRA,ludwig
AZRA,miilkywayz
AZRA,milanknol
AZRA,monkeyism
AZRA,mvwt
AZRA,nafany_
AZRA,nilspils_050
AZRA,olgaspark
AZRA,pinheadpatty
AZRA,rdvasmr
AZRA,ronezone_bossy
AZRA,samy_gt
AZRA,skeanz
AZRA,theantifada
AZRA,tilds_searchh
AZRA,tommyinnitalt
AZRA,veibae
AZRA,venofn
AZRA,vysotzky
BadBoyHalo,Antfrost
BadBoyHalo,CaptainPuffy
BadBoyHalo,ConnorEatsPants
BadBoyHalo,Corpse_Husband
BadBoyHalo,DreamAlt_
BadBoyHalo,DropsByPonk
BadBoyHalo,EhRyder
BadBoyHalo,Eret
BadBoyHalo,Foolish_Gamers
BadBoyHalo,Fundy
BadBoyHalo,GeorgeNotFound
BadBoyHalo,HBomb94
BadBoyHalo,JackManifoldTV
BadBoyHalo,JustaMinx
BadBoyHalo,KatherineElizabeth
BadBoyHalo,LanuSky
BadBoyHalo,Loserfruit
BadBoyHalo,Philza
BadBoyHalo,Purpled
BadBoyHalo,Quackity
BadBoyHalo,QuackityToo
BadBoyHalo,RanbooLive
BadBoyHalo,Sapnap
BadBoyHalo,Smajor
BadBoyHalo,Smallishbeans
BadBoyHalo,Technoblade
BadBoyHalo,ThisIsNotGeorgeNotFound
BadBoyHalo,Tubbo
BadBoyHalo,TubboLIVE
BadBoyHalo,Wisp
BadBoyHalo,a6doff
BadBoyHalo,awesamdude
BadBoyHalo,dreamwastaken
BadBoyHalo,highkeyhateme
BadBoyHalo,illumina1337
BadBoyHalo,iskall85
BadBoyHalo,jschlatt
BadBoyHalo,karljacobs
BadBoyHalo,karljacobs_alt
BadBoyHalo,karlnetwork
BadBoyHalo,lethamyr_rl
BadBoyHalo,mrbeast6000
BadBoyHalo,ranbooalt
BadBoyHalo,ranboobutnot
BadBoyHalo,skeppy
BadBoyHalo,tommyinnit
BadBoyHalo,tommyinnitalt
BadBoyHalo,velvetiscake
Caedrel,AZRA
Caedrel,Asmongold
Caedrel,AugustUwU
Caedrel,Beabington
Caedrel,BruvHD
Caedrel,Captainflowers22
Caedrel,CrisHeroes
Caedrel,Daeye
Caedrel,DirtyMobs
Caedrel,Doublelift
Caedrel,Drututt
Caedrel,Dzukill
Caedrel,EUMasters
Caedrel,Elite500
Caedrel,Enleeh
Caedrel,EsfandTV
Caedrel,ExpertAres
Caedrel,Faker
Caedrel,Froggen
Caedrel,Gingy
Caedrel,HAchubby
Caedrel,Hakei1
Caedrel,Hanssama
Caedrel,Hightower122125
Caedrel,InternetShaquille
Caedrel,JaggerPrincesa
Caedrel,Jankos
Caedrel,KarasMai
Caedrel,Kyedae
Caedrel,LCK
Caedrel,LCS
Caedrel,LEC
Caedrel,LPL
Caedrel,LoLWorldChampionship
Caedrel,Lutano
Caedrel,Mizkif
Caedrel,NRG_Hamlinz
Caedrel,Natedoggjr
Caedrel,Niigara
Caedrel,Oihane_
Caedrel,PatrickCcTv
Caedrel,PrezidentaSnow
Caedrel,QTCinderella
Caedrel,RATIRL
Caedrel,Riot Games
Caedrel,S4vitaar
Caedrel,ScruffyButtz
Caedrel,ShahZaM
Caedrel,Simply
Caedrel,Sknaymz 
Caedrel,SoloRenektonOnly
Caedrel,Subroza
Caedrel,TSM_Bjergsen
Caedrel,TedNivison
Caedrel,TenZ
Caedrel,TheNicoleT
Caedrel,TheVansen
Caedrel,TobiasFate
Caedrel,TrackingThePros
Caedrel,TwitchRivals
Caedrel,Unkind1baby
Caedrel,VexedZovia
Caedrel,Yuli
Caedrel,aceu
Caedrel,amadeushein
Caedrel,artesianbuilds
Caedrel,ayellenn
Caedrel,biofrostlol
Caedrel,elTaquito
Caedrel,feelspoglive
Caedrel,imls
Caedrel,imzeto
Caedrel,lol_nemesis
Caedrel,midbeast
Caedrel,predsu
Caedrel,richwcampbell
Caedrel,sashagrey
Caedrel,sodapoppin
Caedrel,tarzaned
Caedrel,wingedwindow
Caedrel,zackrawrr
Caedrel,운타라_
CurtisRyan,39daph
CurtisRyan,ADC_Vr
CurtisRyan,Ash_on_LoL
CurtisRyan,Autumn
CurtisRyan,Blaustoise
CurtisRyan,BoschMerchant
CurtisRyan,Carmen
CurtisRyan,Chanpu
CurtisRyan,Chess
CurtisRyan,Client
CurtisRyan,Cliffan_
CurtisRyan,CodeMiko
CurtisRyan,CriticalRole
CurtisRyan,Crystalst
CurtisRyan,Deansocool
CurtisRyan,DisbeArex
CurtisRyan,FloridaFlynn
CurtisRyan,GTAWiseGuy
CurtisRyan,Hirona
CurtisRyan,HutchMF
CurtisRyan,HyperRatTV
CurtisRyan,Jack
CurtisRyan,JayzTwoCents
CurtisRyan,KatFires
CurtisRyan,Knotty
CurtisRyan,LIRIK
CurtisRyan,Lolathon
CurtisRyan,Lyndi
CurtisRyan,Lysium
CurtisRyan,Marzzzzy
CurtisRyan,MrDrakezilla
CurtisRyan,PMoney
CurtisRyan,Ramee
CurtisRyan,RanbooLive
CurtisRyan,RatedEpicz
CurtisRyan,RubberNinja
CurtisRyan,SayeedBlack
CurtisRyan,Shotz
CurtisRyan,Silent
CurtisRyan,SkeletalVirusTwitch
CurtisRyan,Ssaab
CurtisRyan,SwaggerSouls
CurtisRyan,Sweet_Anita
CurtisRyan,Sykkuno
CurtisRyan,TheStockGuy
CurtisRyan,TinaKitten
CurtisRyan,Tubbo
CurtisRyan,TubboLIVE
CurtisRyan,VERTiiGOGAMING
CurtisRyan,Vee_v
CurtisRyan,Viviana
CurtisRyan,Whippy
CurtisRyan,WilburSoot
CurtisRyan,Wolfabelle
CurtisRyan,Yogscast
CurtisRyan,bananabrea
CurtisRyan,cyr
CurtisRyan,dunkstream
CurtisRyan,koil
CurtisRyan,kyliebitkin
CurtisRyan,stoneflyky
CurtisRyan,summit1g
DisguisedToast,Bigfoltz
DisguisedToast,Brofain
DisguisedToast,CinnamonToastKen
DisguisedToast,ClashOfClans
DisguisedToast,Corpse_Husband
DisguisedToast,Diegosaurs
DisguisedToast,Enviosity
DisguisedToast,GenshinImpactOfficial
DisguisedToast,GeorgeNotFound
DisguisedToast,GoodTimesWithScar
DisguisedToast,GosuGeneralTV
DisguisedToast,JyojiBH
DisguisedToast,MoudiLive
DisguisedToast,Natsumiii
DisguisedToast,OfflineTV
DisguisedToast,PandiPeruvi
DisguisedToast,Pewdiepie
DisguisedToast,QuarterJade
DisguisedToast,Redrum_gamin
DisguisedToast,Savix
DisguisedToast,Scarra
DisguisedToast,Stressmonster
DisguisedToast,Sydeon
DisguisedToast,Sykkuno
DisguisedToast,TSM_ImperialHal
DisguisedToast,TangoTek
DisguisedToast,Tempplex_
DisguisedToast,TheAn1meMan
DisguisedToast,TinaKitten
DisguisedToast,TrashTastePodcast
DisguisedToast,Tubbo
DisguisedToast,Welsknight
DisguisedToast,Xisuma
DisguisedToast,ZedaphPlays
DisguisedToast,antagonywow
DisguisedToast,boxbox
DisguisedToast,dota2ti
DisguisedToast,dreamwastaken
DisguisedToast,fukobun
DisguisedToast,fuslie
DisguisedToast,itsHafu
DisguisedToast,jacksepticeye
DisguisedToast,karljacobs
DisguisedToast,kkatamina
DisguisedToast,laty1337
DisguisedToast,lilypichu
DisguisedToast,ludwig
DisguisedToast,michaelreeves
DisguisedToast,nixozip
DisguisedToast,peterparkTV
DisguisedToast,pokimane
DisguisedToast,rprx
DisguisedToast,snajperswe
DisguisedToast,starsmitten
DisguisedToast,therealEsquire
DisguisedToast,tommyinnit
DisguisedToast,yvonnie
ElisabeteTV,Abaxial_
ElisabeteTV,Amouranth
ElisabeteTV,ArisuPunPun
ElisabeteTV,By_Alexis17
ElisabeteTV,COMBOoPodcast
ElisabeteTV,Camijara00
ElisabeteTV,ChloeLock
ElisabeteTV,DELI_GAME
ElisabeteTV,Didiwinxx
ElisabeteTV,ELVOWE
ElisabeteTV,ElMariana
ElisabeteTV,Electra
ElisabeteTV,FennecGaming_
ElisabeteTV,FireSighedChatsASMR
ElisabeteTV,GoonyGoogles
ElisabeteTV,HoliSofi
ElisabeteTV,IJenz
ElisabeteTV,ImAUppa
ElisabeteTV,JelyFishTN
ElisabeteTV,JustViSa
ElisabeteTV,KHTEX
ElisabeteTV,LVNAFOX
ElisabeteTV,Markito71PY
ElisabeteTV,MilenaCollen
ElisabeteTV,Nephtunie
ElisabeteTV,Ninja
ElisabeteTV,OvileeMay
ElisabeteTV,Puppers
ElisabeteTV,RedFox
ElisabeteTV,Resiire
ElisabeteTV,Riot Games
ElisabeteTV,RiotGamesJP
ElisabeteTV,Robleis
ElisabeteTV,SWOL
ElisabeteTV,SaadeGaming
ElisabeteTV,SrtcCsGo
ElisabeteTV,SugarGini
ElisabeteTV,Tfue
ElisabeteTV,Tomlikeafox
ElisabeteTV,Tri2Sin
ElisabeteTV,TutisValentine
ElisabeteTV,Valeyitaa
ElisabeteTV,VictorLudgero
ElisabeteTV,Vinicia_brc
ElisabeteTV,WhiteSpaASMR
ElisabeteTV,asmr_pleasure
ElisabeteTV,babysadturn
ElisabeteTV,bereplays
ElisabeteTV,carolgaudencio
ElisabeteTV,catsen
ElisabeteTV,ebru_fifa
ElisabeteTV,eldos_fifa
ElisabeteTV,focofoking
ElisabeteTV,gabssf
ElisabeteTV,guaxinimgotica
ElisabeteTV,hsantana
ElisabeteTV,iDanita_
ElisabeteTV,imviolet_
ElisabeteTV,jaquileah
ElisabeteTV,jennalynnmeowri
ElisabeteTV,johnyparker
ElisabeteTV,koumariya
ElisabeteTV,lolpacifictw
ElisabeteTV,lyasyaa
ElisabeteTV,malicious_thm
ElisabeteTV,mira004
ElisabeteTV,natspal
ElisabeteTV,neonpuddles
ElisabeteTV,notbriancito
ElisabeteTV,pplpink
ElisabeteTV,rangerlol1
ElisabeteTV,sunsetgaiaASMR
ElisabeteTV,thatboydavies19
ElisabeteTV,thiagoz1ka
ElisabeteTV,tockerslol
ElisabeteTV,trizspacca
ElisabeteTV,tymwits
ElisabeteTV,umut_gtk
ElisabeteTV,wendelllira11
ElisabeteTV,いずちのの
ElisabeteTV,火龍
ElisabeteTV,새옴
ElisabeteTV,수련수련
ElisabeteTV,연나비님
Fextralife,Alvina
Fextralife,Andypsx
Fextralife,Atra_Veritas
Fextralife,Aurintune
Fextralife,BUDDHASGLORY
Fextralife,Blooferlady1
Fextralife,Bonjwa
Fextralife,BySara24
Fextralife,COMEiCALA
Fextralife,CSJ0S3PH
Fextralife,Cerbearus
Fextralife,Cigan69pt
Fextralife,ClassyBeef
Fextralife,CompletedItMate
Fextralife,DadoschYT
Fextralife,DoktorFroid
Fextralife,Doublelift
Fextralife,E3
Fextralife,Egzolinas
Fextralife,Enders
Fextralife,Franio
Fextralife,GloriaMatvien
Fextralife,Gosu
Fextralife,Hiko
Fextralife,Jahrein
Fextralife,JonkusPKMN
Fextralife,KamiCakes1
Fextralife,Kasix
Fextralife,Lordlyhaddock
Fextralife,MamadoTV
Fextralife,MartinRGB
Fextralife,Merkaloid
Fextralife,Midnan
Fextralife,NARAKABLADEPOINT
Fextralife,NRGgg
Fextralife,OrhunTheHun
Fextralife,P4wnyhof
Fextralife,PietSmiet
Fextralife,PressPlayTTV
Fextralife,ROSHTEIN
Fextralife,SSBXifile
Fextralife,SaltySlav
Fextralife,ShroudoftheAvatar
Fextralife,Sinmivak
Fextralife,SirCojones
Fextralife,SkurryPls
Fextralife,Spikevegeta
Fextralife,SpiralusGTM
Fextralife,Stewie2K
Fextralife,Sweet_Anita
Fextralife,ThoTechtical
Fextralife,TwitchRivals
Fextralife,Writing_Bull
Fextralife,Yassuo
Fextralife,Yolpolo9
Fextralife,Zilandraa
Fextralife,amustycow
Fextralife,artesianbuilds
Fextralife,berkingame
Fextralife,bnans
Fextralife,bongeR_
Fextralife,danielZnyiri
Fextralife,ekremimamoglu
Fextralife,elbabyrino
Fextralife,eyshi_
Fextralife,implusnine
Fextralife,jokkelmonokkel
Fextralife,lilypichu
Fextralife,livharris
Fextralife,mad_jj7
Fextralife,maxim
Fextralife,migueeel_34
Fextralife,miki
Fextralife,miminaru
Fextralife,mlodziutki7
Fextralife,perfectskinN
Fextralife,polsatgames
Fextralife,redbyrd
Fextralife,redlive13y
Fextralife,sjnanimamoglu
Fextralife,sneakylol
Fextralife,starsmitten
Fextralife,tuna2350
Fextralife,urlichmtg
Fextralife,vysotzky
KuziGang,10000DAYS
KuziGang,Amouranth
KuziGang,Anil_Guler
KuziGang,ArmutTV
KuziGang,AvratKelesiGetir
KuziGang,Baran
KuziGang,Berrie
KuziGang,BiDilimIkili
KuziGang,DaSquad
KuziGang,EFEUYGAC
KuziGang,EdenEsports
KuziGang,EgzotikHakan
KuziGang,Elraenn
KuziGang,Eray
KuziGang,EvonMoss
KuziGang,Ezgii
KuziGang,Gokhan_Oner
KuziGang,HellianTV
KuziGang,Hype
KuziGang,Jerlokk
KuziGang,JrokezFTW
KuziGang,KAANFLIX
KuziGang,KendineBabaPng
KuziGang,KendineMuzisyen
KuziGang,KenoLive
KuziGang,LEGOO
KuziGang,MadammCC
KuziGang,Medusalara
KuziGang,NejdatDelioglu
KuziGang,NemesisTV
KuziGang,Nympeaaa
KuziGang,PizzaPrincessG
KuziGang,Riot Games
KuziGang,RiotGamesTurkish
KuziGang,TEBtv
KuziGang,TahaUlukaya
KuziGang,TolunayOren
KuziGang,UNLOSTV
KuziGang,ahsenaz
KuziGang,brosskiez
KuziGang,cNed
KuziGang,cigdemT
KuziGang,damlakenanoglu
KuziGang,elanur
KuziGang,esl_csgo_tr
KuziGang,exVien
KuziGang,geniuskender
KuziGang,hcancezveci
KuziGang,idylln
KuziGang,irremak
KuziGang,kendinEnes
KuziGang,lilyagmus
KuziGang,mansuryavas
KuziGang,menalcicek
KuziGang,mentorHUB
KuziGang,necromancerlivee
KuziGang,ozguraltinok
KuziGang,pankyy
KuziGang,pauratv
KuziGang,pqueen
KuziGang,rootthegamer
KuziGang,saniye
KuziGang,summit1g
KuziGang,targetlocated
KuziGang,tecoNe
KuziGang,thecadyyx
KuziGang,thelittlemoonling
KuziGang,ubeka_
KuziGang,vilgax11
KuziGang,wtcN
KuziGang,xQcOW
KuziGang,yerebakanabidin1907
KuziGang,zeynepcisemm
LakshartNia,8cho
LakshartNia,Amouranth
LakshartNia,AriGameplays
LakshartNia,Bobicraftmc
LakshartNia,BrayenFau
LakshartNia,CooLifeGame
LakshartNia,Deborha4
LakshartNia,DylanteroLIVE
LakshartNia,ElChiringuitoTV
LakshartNia,ElMariana
LakshartNia,ElSamurai97
LakshartNia,Elendow
LakshartNia,Elure
LakshartNia,ErCarlo_
LakshartNia,Giants
LakshartNia,JaacooFN
LakshartNia,JaggerPrincesa
LakshartNia,Larablanchard
LakshartNia,LetsGameItOut
LakshartNia,Lonelyy22
LakshartNia,MYM_ALKAPONE
LakshartNia,MarineMammalRescue
LakshartNia,Marzzzzy
LakshartNia,Mayichi
LakshartNia,NotAestheticallyHannah
LakshartNia,PapaBuyer
LakshartNia,RafaLagoon
LakshartNia,Robleis
LakshartNia,Rubius
LakshartNia,Spursito
LakshartNia,TheCatacroquer
LakshartNia,TheGrefg
LakshartNia,TioShur
LakshartNia,Tocata
LakshartNia,Wallabit
LakshartNia,Yaidee
LakshartNia,ZormanWorld
LakshartNia,aXoZer
LakshartNia,auronplay
LakshartNia,bigmanolo1
LakshartNia,biyin_
LakshartNia,blanchitooo
LakshartNia,drawwithjazza
LakshartNia,feliciti14
LakshartNia,gtv_genesis
LakshartNia,ibai
LakshartNia,itarus1
LakshartNia,josepark999
LakshartNia,juansguarnizo
LakshartNia,karchez
LakshartNia,mmevipere
LakshartNia,patodeaqualand
LakshartNia,polispol1
LakshartNia,simpson_mania05
LakshartNia,xXxTheFocuSxXx
LakshartNia,ぬこまろ
MoxyMary,Anomaly
MoxyMary,AriLove
MoxyMary,AuroraStarr
MoxyMary,Autumn
MoxyMary,BellaPlays
MoxyMary,Bluevictoria007
MoxyMary,CallMeCarsonLIVE
MoxyMary,Catwoman
MoxyMary,Chanice_Bonner
MoxyMary,ClaireIRL
MoxyMary,CurlyFriesJazz
MoxyMary,CurtisRyan
MoxyMary,DeeGoddess_
MoxyMary,DevonJenelle
MoxyMary,DonutMedia
MoxyMary,DovetailFishing
MoxyMary,ElixirLexi
MoxyMary,FaerieGraveyard
MoxyMary,GirlfriendReviews
MoxyMary,Gotaga
MoxyMary,GrantTruesdellUTA
MoxyMary,Itz_Fizy
MoxyMary,JCGO16
MoxyMary,JonZherka
MoxyMary,Kaellyn
MoxyMary,KayleeRoseVera
MoxyMary,Kitboga
MoxyMary,LemurKingTV
MoxyMary,Lidsy0
MoxyMary,LivStixs
MoxyMary,MAGDrops
MoxyMary,MagoRoquebeard
MoxyMary,MissGinaDarling
MoxyMary,MoatSimulator
MoxyMary,Moty201
MoxyMary,NovaSucksAtVideogames
MoxyMary,PLAKSAw
MoxyMary,Papanomaly
MoxyMary,Pixtart
MoxyMary,Polymer_C
MoxyMary,Rainnie_Bunny
MoxyMary,RazorATX
MoxyMary,RidingTheRailsTV
MoxyMary,SPLovesDrums
MoxyMary,Sal_Rosenberg
MoxyMary,SanMarcosSmashUltimate
MoxyMary,StreamRats
MoxyMary,SunsetClub
MoxyMary,SuperiorBuds420
MoxyMary,TVch34
MoxyMary,Taliyaahh
MoxyMary,TequilaLola
MoxyMary,TheBunnyBunch
MoxyMary,TheGrowStream
MoxyMary,TornadoPie
MoxyMary,TreeTroupe_PA
MoxyMary,ZachDigital
MoxyMary,atamanman
MoxyMary,bolobolo__
MoxyMary,brangisa
MoxyMary,dahmien7
MoxyMary,ellensemaga
MoxyMary,i_am_ordunkachud
MoxyMary,its_justiney
MoxyMary,ladigabster
MoxyMary,laribug
MoxyMary,leitorarustica
MoxyMary,lina_asmr
MoxyMary,lovelybunnygaming
MoxyMary,maddison_fox
MoxyMary,magricella
MoxyMary,mariarduarda200
MoxyMary,nickydarkx
MoxyMary,philionlive
MoxyMary,qMARIOx
MoxyMary,spoopykitt
MoxyMary,strawberrytabby
MoxyMary,thathoneydip
MoxyMary,the_teknik
MoxyMary,vaalegoncalves
MoxyMary,velvet_7
MoxyMary,xoAeriel
MoxyMary,さあたん
MoxyMary,びばえいち
MoxyMary,ウェザーニュース
MoxyMary,成瀬凛
POW3Rtv,2WATCHtv
POW3Rtv,Amouranth
POW3Rtv,ArdiFN
POW3Rtv,Brizz94
POW3Rtv,Cava111
POW3Rtv,ElisabeteTV
POW3Rtv,GaiaClerici
POW3Rtv,GiampytekOfficial
POW3Rtv,GioiaGrammatico
POW3Rtv,GrenBaud
POW3Rtv,Jeisen_live
POW3Rtv,JodyJDC
POW3Rtv,JustGaBBo
POW3Rtv,Kroatomist
POW3Rtv,LaMantidePodcast
POW3Rtv,Leynainu
POW3Rtv,MatteoHS
POW3Rtv,MikeShowSha
POW3Rtv,Miticacci0
POW3Rtv,Moonryde
POW3Rtv,MrSavage
POW3Rtv,MrZacabria
POW3Rtv,Muusoo
POW3Rtv,NelloTaver
POW3Rtv,Paoloidolo
POW3Rtv,PiazzTwitch
POW3Rtv,S7ORMyTv
POW3Rtv,TheRealMarzaa
POW3Rtv,ZackLugo_
POW3Rtv,ZanoXVII
POW3Rtv,ZioDiRonAdams
POW3Rtv,ZonaRossaTV
POW3Rtv,andreadel1988
POW3Rtv,gskianto
POW3Rtv,ilGattoSulTubo
POW3Rtv,ilMasseo
POW3Rtv,imviolet_
POW3Rtv,kary_asmr
POW3Rtv,kekkobomba
POW3Rtv,krippymami
POW3Rtv,lean_fise
POW3Rtv,luisadpatricio
POW3Rtv,lyghtyyyy
POW3Rtv,mitr0
POW3Rtv,morichelss
POW3Rtv,moro8leo
POW3Rtv,mxrco__fn
POW3Rtv,nabrestv
POW3Rtv,nolar00
POW3Rtv,nora024
POW3Rtv,onorevole_dipieroo
POW3Rtv,paulodybala
POW3Rtv,peppe978fsigroup
POW3Rtv,portisland99314
POW3Rtv,pow3rtvqw
POW3Rtv,qndrex
POW3Rtv,velox
POW3Rtv,zedef
Philza,AdventuresOfMixxy
Philza,Antfrost
Philza,BadBoyHalo
Philza,CaptainPuffy
Philza,ConnorEatsPants
Philza,Corpse_Husband
Philza,DanTDM
Philza,DreamAlt_
Philza,Enviosity
Philza,Eret
Philza,Foolish_Gamers
Philza,Fundy
Philza,GeorgeNotFound
Philza,Grizzy
Philza,JackManifoldTV
Philza,KatherineElizabeth
Philza,LanuSky
Philza,Loserfruit
Philza,Michaelmcchill
Philza,Minecraft
Philza,Mongraal
Philza,Purpled
Philza,Quackity
Philza,RanbooLive
Philza,Reddoons
Philza,SMii7Y
Philza,Smajor
Philza,Smallishbeans
Philza,SypherPK
Philza,Technoblade
Philza,Wallibear
Philza,WilburSoot
Philza,Wisp
Philza,YanderEL_XoX
Philza,abel_tfl
Philza,antonychenn
Philza,awesamdude
Philza,bwaaap
Philza,dish
Philza,dreamwastaken
Philza,hannahxxrose
Philza,hotfuzzpooley
Philza,illumina1337
Philza,iskall85
Philza,itspaikon
Philza,jschlatt
Philza,karljacobs
Philza,karlnetwork
Philza,lilyclx
Philza,mrbeast6000
Philza,ranbooalt
Philza,ranboobutnot
Philza,sinfullmoon
Philza,tommyinnit
Philza,tommyinnitalt
Philza,tuonto
PiezasMFT,AdrianaChechik_
PiezasMFT,Amouranth
PiezasMFT,AriGameplays
PiezasMFT,CapitanDannie
PiezasMFT,Carola
PiezasMFT,ChrisRoberts23_
PiezasMFT,ChutyVks
PiezasMFT,Coca_Cat
PiezasMFT,DeqiuV
PiezasMFT,ElChiringuitoTV
PiezasMFT,EstrimoTDJ
PiezasMFT,Eyou_TV
PiezasMFT,Jelty
PiezasMFT,KAPO_013_BARCELONA
PiezasMFT,KhanDBL
PiezasMFT,LITkillah
PiezasMFT,LOLITOFDEZ
PiezasMFT,MONICAJIMENEZ
PiezasMFT,NBA
PiezasMFT,NeoAgil
PiezasMFT,PacoHdezs
PiezasMFT,PapoMC
PiezasMFT,Perxitaa
PiezasMFT,RedBullBatalla
PiezasMFT,Robleis
PiezasMFT,Staryuuki
PiezasMFT,TheCosmicWidow
PiezasMFT,TheNicoleT
PiezasMFT,Usieru
PiezasMFT,XavyBecker
PiezasMFT,auronplay
PiezasMFT,blon_doblefilo
PiezasMFT,cesarhlr
PiezasMFT,dtoke
PiezasMFT,dukissj
PiezasMFT,efejota93
PiezasMFT,elxokas
PiezasMFT,ibai
PiezasMFT,juansguarnizo
PiezasMFT,karchez
PiezasMFT,mrstiventc
PiezasMFT,sheinart
PiezasMFT,skiper_rmz1
PiezasMFT,ti7oaIo
PiezasMFT,valerie_obadash
PiezasMFT,verzaaff
PiezasMFT,xCry
PiezasMFT,ysyasd
RaufBaba25,0viena0
RaufBaba25,1hp__p
RaufBaba25,2mgovercsquared
RaufBaba25,AZRA
RaufBaba25,Adal
RaufBaba25,AhmtGzms
RaufBaba25,AlonzoCarmelo
RaufBaba25,AmerikaliAynasiz
RaufBaba25,Amouranth
RaufBaba25,AsLanMashadoVV
RaufBaba25,AscelinaDeniz
RaufBaba25,BLASTPremier
RaufBaba25,BROBEANNS
RaufBaba25,Baboli
RaufBaba25,Burak
RaufBaba25,Cacarov
RaufBaba25,Castro_1021
RaufBaba25,ClumsyKitty
RaufBaba25,Deadlyslob
RaufBaba25,Didem
RaufBaba25,DustyBerk
RaufBaba25,ENGOO__
RaufBaba25,ESL_CSGO
RaufBaba25,Ebonivon
RaufBaba25,Elraenn
RaufBaba25,Elwind
RaufBaba25,Eray
RaufBaba25,Faith
RaufBaba25,Flavorr
RaufBaba25,GanaliSadatTV
RaufBaba25,GarGorevlisi
RaufBaba25,Grimnax
RaufBaba25,HeroMarine
RaufBaba25,Huuge
RaufBaba25,Hype
RaufBaba25,KediBirii
RaufBaba25,Lamboking
RaufBaba25,Maxmarine
RaufBaba25,Mithrain
RaufBaba25,Muzisyenes
RaufBaba25,NVIDIAGeForceTR
RaufBaba25,Nesrin
RaufBaba25,Ninackova
RaufBaba25,OLESYALIBERMAN
RaufBaba25,Orendasu
RaufBaba25,Ovkgar
RaufBaba25,PurpleBixi
RaufBaba25,ROGTournament
RaufBaba25,ReaSilva
RaufBaba25,RiotGamesTurkish2
RaufBaba25,Shinasee301
RaufBaba25,Suecuk
RaufBaba25,Syna
RaufBaba25,Taylor_Jevaux
RaufBaba25,TempoJesus
RaufBaba25,TheNicoleT
RaufBaba25,TolunayOren
RaufBaba25,UNLOSTV
RaufBaba25,ValeriTW
RaufBaba25,Valeria7K
RaufBaba25,YarenKaradayi
RaufBaba25,ZEON
RaufBaba25,akagreenn
RaufBaba25,alwayslilwayne
RaufBaba25,aunalock
RaufBaba25,broxh_
RaufBaba25,dangergaminq
RaufBaba25,elanur
RaufBaba25,fitraenn
RaufBaba25,gigimillerr
RaufBaba25,h3x_tv
RaufBaba25,larsahan
RaufBaba25,northus
RaufBaba25,pekeasmr
RaufBaba25,pqueen
RaufBaba25,saniye
RaufBaba25,sertoaluns
RaufBaba25,sharp_su
RaufBaba25,valorantesports2
RaufBaba25,veronika
RaufBaba25,xQcOW
RaufBaba25,らっだぁ
RaufBaba25,수아리
RaufBaba25,한갱
Rogue,7RFK7
Rogue,Bastiaan0Z
Rogue,BirnoOCE
Rogue,BurgerjointFPS
Rogue,CT_SC4N
Rogue,Calmatronic
Rogue,CarelessMoo
Rogue,DENVERDAD
Rogue,Dropped
Rogue,EzFlashKlDZ
Rogue,FEDMYSTER
Rogue,Faide
Rogue,FairylandsTV
Rogue,FloowDownn
Rogue,GameTime_Live
Rogue,GammaInkk
Rogue,Gulduran
Rogue,ImMadness
Rogue,JellyBree
Rogue,KiddayNA
Rogue,LIRIK
Rogue,LVNDMARK
Rogue,LuluLuvely
Rogue,Macro
Rogue,Mande
Rogue,Marhados
Rogue,Mikaylah
Rogue,Mr_Razao
Rogue,PRXf0rsakeN
Rogue,PeaoGourmet
Rogue,R0CH1FPS
Rogue,RocketLeague
Rogue,Savagelykait
Rogue,ShivFPS
Rogue,Silk
Rogue,Snip3down
Rogue,SweeetTails
Rogue,TSM_ImperialHal
Rogue,TSM_Viss
Rogue,TenZ
Rogue,ThaGodHims3lf
Rogue,ThePBMo
Rogue,TruNoom
Rogue,UnrealYuki
Rogue,Vaifs
Rogue,VanirGG
Rogue,Will_o0
Rogue,Yuki
Rogue,aka_srmartins
Rogue,bellkunx_
Rogue,btmhamann1
Rogue,ceryal
Rogue,claudzmo
Rogue,dafran
Rogue,icyylouii
Rogue,iiTzTimmy
Rogue,itsvoltic_
Rogue,jd_jester
Rogue,lowpriomage
Rogue,metalvayne08
Rogue,moistcr1tikal
Rogue,nazreenttv
Rogue,nukkye
Rogue,pandxrz
Rogue,playapex
Rogue,poochimochi
Rogue,rprx
Rogue,sadsmilleec
Rogue,shroud
Rogue,sofloW1Z
Rogue,stormen
Rogue,sweetdreams
Rogue,voodoomonkey02
Rogue,wiffuu
Rogue,zaralizara
Rogue,zviyr
Rogue,キルグレイブ
ShivFPS,AZRA
ShivFPS,BASE_TV
ShivFPS,BreadMillennial
ShivFPS,CurtEOD
ShivFPS,Dporticus
ShivFPS,Dropped
ShivFPS,ESL_CSGOb_PL
ShivFPS,ElisabeteTV
ShivFPS,EndpointTV
ShivFPS,FoxholeGame
ShivFPS,GoatR2
ShivFPS,HaiHunnie
ShivFPS,JCK_Official
ShivFPS,JLBalti
ShivFPS,JLFakemonster
ShivFPS,MikkeDaFinn
ShivFPS,Nateos
ShivFPS,NewWorld
ShivFPS,PRXf0rsakeN
ShivFPS,Rainbow6
ShivFPS,Rogstarr
ShivFPS,Rogue
ShivFPS,Snip3down
ShivFPS,SwarnPROD
ShivFPS,TSM_ImperialHal
ShivFPS,TenZ
ShivFPS,TruNoom
ShivFPS,ZaaKK7
ShivFPS,aceu
ShivFPS,bearpigcentral
ShivFPS,dramiS
ShivFPS,esl_csgo_pl
ShivFPS,esl_pl
ShivFPS,getagrim
ShivFPS,iMoberg
ShivFPS,iiTzTimmy
ShivFPS,ironmouse
ShivFPS,mmafu_
ShivFPS,nniru
ShivFPS,nukkye
ShivFPS,nyanners
ShivFPS,paczekr4e
ShivFPS,playapex
ShivFPS,rprx
ShivFPS,shroud
ShivFPS,stormen
ShivFPS,stylishnoob4
ShivFPS,tomtomlapomme_
ShivFPS,veibae
ShivFPS,zaralizara
ShivFPS,さくらみこ
ShivFPS,オサムの配信
ShivFPS,スリープ_
ShivFPS,桑給
ShivFPS,踢虧
Sykkuno,5uppp
Sykkuno,Adallock
Sykkuno,AnniTheDuck
Sykkuno,AnniePants02
Sykkuno,Antfrost
Sykkuno,AquaBubbles__
Sykkuno,Blaustoise
Sykkuno,Bluex
Sykkuno,Brofain
Sykkuno,CarryWarzoneTTV
Sykkuno,ClashOfClans
Sykkuno,Corpse_Husband
Sykkuno,DisguisedToast
Sykkuno,Domingo
Sykkuno,DreamAlt_
Sykkuno,EmmaLangevin
Sykkuno,F1NN5TER
Sykkuno,Flight23white
Sykkuno,Fortnite
Sykkuno,GTOmegaTV
Sykkuno,GhostyGrey_
Sykkuno,KOT4Q
Sykkuno,KatherineElizabeth
Sykkuno,KerfuffleDAX
Sykkuno,LSKakarot
Sykkuno,Loserfruit
Sykkuno,MetaphorVariety
Sykkuno,Mizzrowe
Sykkuno,OfflineTV
Sykkuno,OgamingLoL
Sykkuno,Raevenly_
Sykkuno,Ray__C
Sykkuno,RevedTV
Sykkuno,RozieRoze
Sykkuno,Scarra
Sykkuno,Smajor
Sykkuno,Smallishbeans
Sykkuno,Syrexx92
Sykkuno,TPAIN
Sykkuno,TapL
Sykkuno,TheOrionSound
Sykkuno,ThePewPewLayzr
Sykkuno,Timbaland
Sykkuno,TinaKitten
Sykkuno,TravisAxie
Sykkuno,TroydanGaming
Sykkuno,TubboLIVE
Sykkuno,VolkanEsmer
Sykkuno,WaxFraud
Sykkuno,Wisp
Sykkuno,ZackTTG
Sykkuno,arwenlyra
Sykkuno,awesamdude
Sykkuno,bedtouch_
Sykkuno,billzo
Sykkuno,canvascoy
Sykkuno,chayawassa
Sykkuno,cuptoast
Sykkuno,dreamwastaken
Sykkuno,fuslie
Sykkuno,illumina1337
Sykkuno,irisvrlp
Sykkuno,iskall85
Sykkuno,its_iron
Sykkuno,jjjjjank
Sykkuno,karlnetwork
Sykkuno,kkatamina
Sykkuno,lilypichu
Sykkuno,lloyddiee
Sykkuno,ludwig
Sykkuno,mabin710
Sykkuno,michaelreeves
Sykkuno,pokimane
Sykkuno,sapnapalt
Sykkuno,simsonkruse
Sykkuno,slenderbean__
Sykkuno,thathoneydip
Sykkuno,towdan
Sykkuno,worldpokertour247
Sykkuno,yvonnie
TenZ,Aristogufi
TenZ,BretmanRocky
TenZ,Flights1
TenZ,FlowAscending
TenZ,Formula1
TenZ,GRAYFPS_
TenZ,Giacco4000
TenZ,HowToNoodle
TenZ,KenBeans
TenZ,Kirio1984
TenZ,Kurolily
TenZ,Kyedae
TenZ,Martin_Sal
TenZ,Mongraal
TenZ,MrLowlander
TenZ,NanniTwitch
TenZ,PRXf0rsakeN
TenZ,Paoloidolo
TenZ,Reetlol
TenZ,Rogue
TenZ,ShahZaM
TenZ,ShivFPS
TenZ,Solaaaa
TenZ,TSM_Daequan
TenZ,TaySon
TenZ,TizioQualunque
TenZ,TruNoom
TenZ,Xlice
TenZ,dish
TenZ,mitr0
TenZ,noahreyli
TenZ,nukkye
TenZ,prats1x
TenZ,rprx
TenZ,s0mcs
TenZ,shroud
TenZ,stormen
TenZ,tarik
TenZ,zaralizara
TruNoom,ADC_Vr
TruNoom,A_Seagull
TruNoom,AndrewChicken
TruNoom,BBombin
TruNoom,Baby_Bonn
TruNoom,Brettrito
TruNoom,CDawgVA
TruNoom,Cammr94
TruNoom,CatieCottontail
TruNoom,Dropped
TruNoom,Faide
TruNoom,Genburten
TruNoom,Harmii
TruNoom,J4N3K__
TruNoom,Juust1ce_
TruNoom,KING2Twitch
TruNoom,Mexify
TruNoom,ModestPelican
TruNoom,MontanaBlack88
TruNoom,NotLadder
TruNoom,OhDough
TruNoom,PRXf0rsakeN
TruNoom,Papaplatte
TruNoom,Pxrds_
TruNoom,Robnic
TruNoom,Rogue
TruNoom,SGOO
TruNoom,SMii7Y
TruNoom,SaltyPhish
TruNoom,ShivFPS
TruNoom,Snip3down
TruNoom,TenZ
TruNoom,TheSirStirfry
TruNoom,TheSneakySushii
TruNoom,TimTheTatman
TruNoom,TisiSchubech
TruNoom,Trymacs
TruNoom,Tubbo
TruNoom,WhisperQuietly
TruNoom,Zastela
TruNoom,Zombey
TruNoom,aceu
TruNoom,cookedbacon33
TruNoom,iGumdrop
TruNoom,iiTzTimmy
TruNoom,jakepaultyronwoodley
TruNoom,katoo
TruNoom,laurenxburch
TruNoom,lyric
TruNoom,m4dlove
TruNoom,monkey_maxime
TruNoom,nattttt
TruNoom,nmoose
TruNoom,nukkye
TruNoom,punkrockingchair
TruNoom,rprx
TruNoom,shroud
TruNoom,snuffy
TruNoom,stoneygem
TruNoom,stormen
TruNoom,sweetdreams
TruNoom,ulticam
TruNoom,vyxdew
TruNoom,xQcOW
TruNoom,zaralizara
TruNoom,zurvicle
Tubbo,Amouranth
Tubbo,AndrewRafaelKim
Tubbo,AngstyPumpkin
Tubbo,BadBoyHalo
Tubbo,CreepyPastaPunch
Tubbo,DanTDM
Tubbo,DreamAlt_
Tubbo,Eret
Tubbo,Fundy
Tubbo,GeorgeNotFound
Tubbo,JackManifoldTV
Tubbo,JustaMinx
Tubbo,LanuSky
Tubbo,Loserfruit
Tubbo,Nihachu
Tubbo,Philza
Tubbo,Quackity
Tubbo,QuackityToo
Tubbo,RanbooLive
Tubbo,Sapnap
Tubbo,SinjinDrowning
Tubbo,Technoblade
Tubbo,TheAn1meMan
Tubbo,ThisIsNotGeorgeNotFound
Tubbo,TubboLIVE
Tubbo,WilburSoot
Tubbo,beautie_
Tubbo,dreamwastaken
Tubbo,jschlatt
Tubbo,kalynnkoury
Tubbo,karljacobs
Tubbo,katie_malfoy122
Tubbo,lil_moth__
Tubbo,ranbooalt
Tubbo,ranboobutnot
Tubbo,sandiction
Tubbo,tommyinnit
Tubbo,tommyinnitalt
Tubbo,tox1cz2
Tubbo,westonkoury
Videoyun,Adal
Videoyun,AliDenizSenpotuk
Videoyun,Anil_Guler
Videoyun,Baboli
Videoyun,Cacarov
Videoyun,CannMeister
Videoyun,Chips
Videoyun,Closer
Videoyun,ClumsyKitty
Videoyun,CyberRulzTv
Videoyun,ESAEsportsTV
Videoyun,EasterGamersTv
Videoyun,EgeArseven
Videoyun,Elraenn
Videoyun,Elwind
Videoyun,Eray
Videoyun,ErenAktan
Videoyun,FacelessBeanie
Videoyun,FrknAkyuz
Videoyun,GRAB
Videoyun,HasanAbi
Videoyun,Hype
Videoyun,ITheodrinI
Videoyun,ImRainHeLLs
Videoyun,JrokezFTW
Videoyun,Kadir
Videoyun,KemoEF
Videoyun,KendineMuzisyen
Videoyun,LEC
Videoyun,Maxmarine
Videoyun,Miranda
Videoyun,Mirliva
Videoyun,Mithrain
Videoyun,Mizzy
Videoyun,Novat0r_GG
Videoyun,PurpleBixi
Videoyun,Ruhsuz78
Videoyun,Syupie
Videoyun,TMermertas
Videoyun,Tarakafa23
Videoyun,Toqtir
Videoyun,Twitchsasi
Videoyun,Warframe
Videoyun,YarenKaradayi
Videoyun,Yigidoturkey1903
Videoyun,aycaozefe
Videoyun,beewolf54
Videoyun,bendideeim
Videoyun,c4yci
Videoyun,cNed
Videoyun,canboym9
Videoyun,cuteberry
Videoyun,deyviconsxd
Videoyun,dorukdoo
Videoyun,enesavci06
Videoyun,haskologlu
Videoyun,hebele
Videoyun,jeddunex
Videoyun,jidotyrul__
Videoyun,larsahan
Videoyun,licerta
Videoyun,memreyildiz
Videoyun,miafitz
Videoyun,muratcvv
Videoyun,oyunfatiihi
Videoyun,pqueen
Videoyun,rollytech
Videoyun,rootthegamer
Videoyun,saamtwo
Videoyun,samedgungor2013
Videoyun,saniye
Videoyun,slot_v
Videoyun,superkulot
Videoyun,thatmaestro
Videoyun,tuvbai
Videoyun,wtcN
Videoyun,zkRa
biyin_,8cho
biyin_,Alexby11
biyin_,AriGameplays
biyin_,ArmandoBotes
biyin_,Aryawild
biyin_,AvovAgg
biyin_,BarcaGamer
biyin_,Carola
biyin_,Daiden_
biyin_,DeqiuV
biyin_,ElMariana
biyin_,Jelty
biyin_,Kyedae
biyin_,Luzu
biyin_,Marimah
biyin_,Nephtunie
biyin_,NimuVT
biyin_,Nissaxter
biyin_,Pitterrios
biyin_,RaptorGamer24_
biyin_,Rokoleta
biyin_,Rubius
biyin_,SilvioGamerHD
biyin_,SirMaza
biyin_,Staryuuki
biyin_,WaRyu__
biyin_,Zeling
biyin_,aXoZer
biyin_,aldo_geo
biyin_,aroyitt
biyin_,auronplay
biyin_,darishla
biyin_,di3zk
biyin_,edcruzg07
biyin_,elded
biyin_,ibai
biyin_,juansguarnizo
biyin_,komanche
biyin_,la_chica_bona
biyin_,leonviamonte
biyin_,shhhack
biyin_,sin6n
biyin_,soyyarisan
biyin_,tinylady
biyin_,valerie_obadash
biyin_,xFaRgAnx
biyin_,xXxTheFocuSxXx
dota2ti,4dore
dota2ti,A1taOda
dota2ti,Anakq
dota2ti,Attackerdota
dota2ti,Bogush
dota2ti,Ceegee87
dota2ti,DOTA2EZ25
dota2ti,Daxak
dota2ti,DrDisrespect
dota2ti,Faiar
dota2ti,GMHikaru
dota2ti,GosuPeak
dota2ti,ILKooper
dota2ti,IRedgar
dota2ti,JusttKami
dota2ti,LEC
dota2ti,LasanhaVR
dota2ti,MissAlina23
dota2ti,NaNdagos
dota2ti,Nervvnyy
dota2ti,OGADotaPIT
dota2ti,PavelskiBH
dota2ti,Playkey_TV
dota2ti,RiotGamesRU
dota2ti,Saves_eSports
dota2ti,TpaBoMaH
dota2ti,Weazel_1991
dota2ti,acr3an0_
dota2ti,aizench
dota2ti,b4nny
dota2ti,buster
dota2ti,canceldota
dota2ti,ceh9
dota2ti,csgomc_ru
dota2ti,dota2ti_2
dota2ti,dota2ti_3
dota2ti,dota2ti_4
dota2ti,dota2ti_5
dota2ti,dota2ti_ru
dota2ti,dota2ti_ru_2
dota2ti,dr_xs28
dota2ti,evaanna
dota2ti,illidanstr
dota2ti,isokalive
dota2ti,klichendos
dota2ti,kusaka6e
dota2ti,limaorp
dota2ti,marinhoon
dota2ti,mirandaohare
dota2ti,nAts
dota2ti,nooneboss
dota2ti,omgrrff4
dota2ti,ponyaaaa
dota2ti,ramzes
dota2ti,resolut1ontv
dota2ti,rollan_dota
dota2ti,ru_VALORANT
dota2ti,serejaperviy
dota2ti,ybicanoooobov
dota2ti,zxcsmiley
dota2ti,zxcursed
dota2ti_2,BastiGHG
dota2ti_2,CAHOS_GAMING
dota2ti_2,Dosia_csgo
dota2ti_2,Dota2RuHub
dota2ti_2,Dota2ruhub2
dota2ti_2,Fenya
dota2ti_2,LCK
dota2ti_2,LCK_Japan
dota2ti_2,LCK_Korea
dota2ti_2,LCKakashi
dota2ti_2,LEC
dota2ti_2,LeyendasPodcast
dota2ti_2,MDS_ALRITMO
dota2ti_2,NS_4RT
dota2ti_2,PavelskiBH
dota2ti_2,RiotGamesRU
dota2ti_2,Siegismund
dota2ti_2,StarFlay79
dota2ti_2,TheGrefg
dota2ti_2,benajopa
dota2ti_2,bt0tv
dota2ti_2,chaichaichaika
dota2ti_2,coldzin
dota2ti_2,csgomc_ru
dota2ti_2,csgomc_ru2
dota2ti_2,csgomc_ru3
dota2ti_2,donvinilo
dota2ti_2,dota2ti
dota2ti_2,dota2ti_3
dota2ti_2,dota2ti_5
dota2ti_2,dota2ti_ru
dota2ti_2,dota2ti_ru_2
dota2ti_2,dota2ti_ru_3
dota2ti_2,evaanna
dota2ti_2,gabssf
dota2ti_2,hayzzstream
dota2ti_2,lck_challengers
dota2ti_2,lukiluki
dota2ti_2,nahzinhaa
dota2ti_2,popetalove
dota2ti_2,sh1isha
dota2ti_2,theriseofthetitans
dota2ti_2,zxcursed
dota2ti_3,39daph
dota2ti_3,AndyMilonakis
dota2ti_3,Annoying
dota2ti_3,BastiGHG
dota2ti_3,CAHOS_GAMING
dota2ti_3,CorinnaKopf
dota2ti_3,DONDALive
dota2ti_3,Dota2RuHub
dota2ti_3,Dota2ruhub2
dota2ti_3,EvandroTMOficial
dota2ti_3,Kishtar
dota2ti_3,LCK
dota2ti_3,LCK_Japan
dota2ti_3,LCK_Korea
dota2ti_3,LCKakashi
dota2ti_3,LCS
dota2ti_3,LEC
dota2ti_3,LeyendasPodcast
dota2ti_3,MDS_ALRITMO
dota2ti_3,MuAwaY
dota2ti_3,NS_4RT
dota2ti_3,OTKnetwork
dota2ti_3,PavelskiBH
dota2ti_3,RiotGamesRU
dota2ti_3,Rubius
dota2ti_3,Stray228
dota2ti_3,Trainwreckstv
dota2ti_3,bt0tv
dota2ti_3,coldzin
dota2ti_3,cyr
dota2ti_3,donvinilo
dota2ti_3,dota2ti
dota2ti_3,dota2ti_2
dota2ti_3,dota2ti_4
dota2ti_3,dota2ti_5
dota2ti_3,dota2ti_es
dota2ti_3,dota2ti_ru
dota2ti_3,dota2ti_ru_2
dota2ti_3,evaanna
dota2ti_3,gabssf
dota2ti_3,h3h3productions
dota2ti_3,heybigmike
dota2ti_3,lck_challengers
dota2ti_3,lukiluki
dota2ti_3,mw1gg
dota2ti_3,nAts
dota2ti_3,nahzinhaa
dota2ti_3,nathaliajoi
dota2ti_3,pluto77x
dota2ti_3,popetalove
dota2ti_3,saynapse
dota2ti_3,shanks_ttv
dota2ti_3,souljaboy
dota2ti_3,swishgaming
dota2ti_3,theriseofthetitans
dota2ti_3,willneff
dota2ti_3,zxcursed
dota2ti_5,AmirPhanThom
dota2ti_5,BastiGHG
dota2ti_5,Bebahan
dota2ti_5,BeyondTheSummit2
dota2ti_5,CAHOS_GAMING
dota2ti_5,CollegeCarball
dota2ti_5,ESL_CSGOb
dota2ti_5,ESL_CSGOc
dota2ti_5,ElisaEsports
dota2ti_5,Epic Games
dota2ti_5,Evample2
dota2ti_5,Flashpoint
dota2ti_5,HeartStoneX1
dota2ti_5,Hiko
dota2ti_5,LCK
dota2ti_5,LCK_Japan
dota2ti_5,LCK_Korea
dota2ti_5,LCKakashi
dota2ti_5,MDS_ALRITMO
dota2ti_5,RocketLeagueMENA
dota2ti_5,RocketLeagueOCE
dota2ti_5,SiegeDadR6
dota2ti_5,Snake_Eyez_
dota2ti_5,TEBtv
dota2ti_5,Unruly521
dota2ti_5,VansamaOfficial
dota2ti_5,WhiteSpaASMR
dota2ti_5,cam1llchens
dota2ti_5,csgomc_ru
dota2ti_5,csgomc_ru2
dota2ti_5,csgomc_ru3
dota2ti_5,donvinilo
dota2ti_5,dota2ti
dota2ti_5,dota2ti_2
dota2ti_5,dota2ti_3
dota2ti_5,dota2ti_4
dota2ti_5,dota2ti_ru
dota2ti_5,dota2ti_ru_2
dota2ti_5,dota2ti_ru_3
dota2ti_5,dota2ti_ru_4
dota2ti_5,ellum
dota2ti_5,ethos
dota2ti_5,indi_skovar
dota2ti_5,jakenbakeLIVE
dota2ti_5,joinDOTARed
dota2ti_5,lck_challengers
dota2ti_5,merlyy
dota2ti_5,pelaajatcom
dota2ti_5,popetalove
dota2ti_5,romaarmyy
dota2ti_5,seoldam99
dota2ti_5,shroud
dota2ti_5,yakshina
dota2ti_5,zxcursed
ethos,ACTIONBASED
ethos,ASMR_TV_247
ethos,Aidonkerino
ethos,ArrumieShannon
ethos,AsunaWEEB
ethos,AverageJonas
ethos,BadBoyHalo
ethos,Corpse_Husband
ethos,Crayator
ethos,Flights1
ethos,Freakazoid
ethos,GosuPeak
ethos,Governor
ethos,HowToNoodle
ethos,Keeoh
ethos,KrisRey
ethos,Kyedae
ethos,LASTLAFFVEVO
ethos,Launcelotdev92
ethos,Leynainu
ethos,Lianeu
ethos,MekzLIVE
ethos,MintLunaNix
ethos,Ninja
ethos,PRXf0rsakeN
ethos,Ray__C
ethos,SenorDonGato331
ethos,ShahZaM
ethos,Slastt
ethos,Sydeon
ethos,TenZ
ethos,Tubbo
ethos,VALORANT
ethos,WARDELL
ethos,YatoWarLord999
ethos,autimaticTV
ethos,boxbox
ethos,curry
ethos,d1mpleeeee
ethos,duskyduuck
ethos,geloix
ethos,gusjohnson
ethos,hiddensquid0410
ethos,itschatics
ethos,jeb3bskii
ethos,lenaluo
ethos,moistcr1tikal
ethos,palmmslive
ethos,pekeasmr
ethos,pokimane
ethos,s0mcs
ethos,shroud
ethos,sinatraa
ethos,sleepy
ethos,soojai
ethos,starsmitten
ethos,susujin_
ethos,swaggidaph
ethos,taxi2g
ethos,tillwemeetagain183
ethos,valorantesports2
ethos,wasddwasdd
ethos,xChocoBars
ethos,xQcOW_waiting_room
ethos,yedira
ethos,yuna897
ethos,zack_6607
ethos,暁霊
michaelreeves,Asmongold
michaelreeves,Couriway
michaelreeves,CyberChimpTV
michaelreeves,DavidDobrik
michaelreeves,DeadMeatJames
michaelreeves,DisguisedToast
michaelreeves,Dyrus
michaelreeves,E3
michaelreeves,Enviosity
michaelreeves,Fishey39
michaelreeves,Fitzyhere
michaelreeves,GMHikaru
michaelreeves,GMNaroditsky
michaelreeves,GenshinImpactOfficial
michaelreeves,GoodTimesWithScar
michaelreeves,JaidenAnimations
michaelreeves,JasonSulli
michaelreeves,JellyBean
michaelreeves,JohnRobertBell
michaelreeves,KristoferYee
michaelreeves,Markiplier
michaelreeves,MonroeThePro
michaelreeves,Mr_Brunswick
michaelreeves,Nagzz21
michaelreeves,Natsumiii
michaelreeves,Nightbot
michaelreeves,OhTofu
michaelreeves,PlanetPeebs
michaelreeves,RTGame
michaelreeves,RayTheGreatYT
michaelreeves,Riot Games
michaelreeves,SR_Kaif
michaelreeves,Scarra
michaelreeves,SexyGamingCouple
michaelreeves,SpotasticLIVE
michaelreeves,StarBoiBlue
michaelreeves,Stressmonster
michaelreeves,Sykkuno
michaelreeves,TangoTek
michaelreeves,TheFatRatTV
michaelreeves,TheOnlyZanMan
michaelreeves,TheUnexpectables
michaelreeves,Welsknight
michaelreeves,Xisuma
michaelreeves,ZedaphPlays
michaelreeves,boxbox
michaelreeves,cuptoast
michaelreeves,davidalvareeezy
michaelreeves,ily_kra
michaelreeves,imaqtpie
michaelreeves,imls
michaelreeves,iskall85
michaelreeves,itsRyanHiga
michaelreeves,jacksepticeye
michaelreeves,jankylankyTV
michaelreeves,johnnyyoung115
michaelreeves,jschlatt
michaelreeves,karljacobs
michaelreeves,karlnetwork
michaelreeves,lilypichu
michaelreeves,ludwig
michaelreeves,moistcr1tikal
michaelreeves,monroe_tarta
michaelreeves,monroejkee
michaelreeves,mr_goxx
michaelreeves,nhirvana
michaelreeves,nixozip
michaelreeves,oldbuzzardt
michaelreeves,pokimane
michaelreeves,randy
michaelreeves,sexysanz
michaelreeves,sockztvv
michaelreeves,starbrrr
michaelreeves,tfmjonny
michaelreeves,thegameawards
michaelreeves,xQcOW
michaelreeves,xTheCollectionx
michaelreeves,xo_kawaii_neko
michaelreeves,yvonnie
pankyy,1001Surat
pankyy,Alize
pankyy,AscelinaDeniz
pankyy,BeatPug
pankyy,CombatRy
pankyy,Crystal_LoL
pankyy,Didem
pankyy,Dilara
pankyy,EFEUYGAC
pankyy,Elraenn
pankyy,FMVIU
pankyy,FabulousN
pankyy,Heavenseed
pankyy,KAKAvl
pankyy,KayPea
pankyy,KenoLive
pankyy,Kyedae
pankyy,LynxCerezLoL
pankyy,MissKillka
pankyy,Naru
pankyy,NemesisTV
pankyy,Nidaleae
pankyy,Nympeaaa
pankyy,RRaenee
pankyy,RynaxFPS
pankyy,ShahZaM
pankyy,TolunayOren
pankyy,UNLOSTV
pankyy,UzayZuhal
pankyy,VoTTnn
pankyy,VonsOfficial
pankyy,YigitErtek
pankyy,cadetval
pankyy,eGeLee
pankyy,educatedearTW
pankyy,esporiyicankaya
pankyy,evaanna
pankyy,kezayt07
pankyy,killbilge
pankyy,lemosbi3n
pankyy,loltyler1
pankyy,mujs_
pankyy,nAts
pankyy,nickykittyxx
pankyy,noliyenim
pankyy,rAx1337
pankyy,roguevlr
pankyy,rootthegamer
pankyy,tarik
pankyy,tarixia_
pankyy,tecoNe
pankyy,tunamelih
pankyy,turkovalorant
pankyy,velocicutie
pankyy,wtcN
pankyy,플리에임
pankyy,행돌
pokimane,Amouranth
pokimane,Berticuss
pokimane,Blinkx_
pokimane,CinCinBear
pokimane,Corpse_Husband
pokimane,DanTDM
pokimane,DisguisedToast
pokimane,Donkaaklijn
pokimane,Duncan
pokimane,FRAN
pokimane,ImRageElixir
pokimane,Joost
pokimane,Kyedae
pokimane,Malinkaa98
pokimane,MarkOfJang
pokimane,Max_Fewtrell
pokimane,Ninja
pokimane,NoelDekkers
pokimane,OLESYALIBERMAN
pokimane,Patricius_z
pokimane,Scarra
pokimane,Sompo_
pokimane,Sykkuno
pokimane,Tst0rmz
pokimane,Valeria7K
pokimane,W2S
pokimane,alittlekay
pokimane,bionicsan
pokimane,ginct
pokimane,hiwkhawmakka
pokimane,ianrocks
pokimane,iiTzTimmy
pokimane,jacksepticeye
pokimane,jakenbakeLIVE
pokimane,jarnoopmeer
pokimane,jinny_yyamroll
pokimane,lammysnax_
pokimane,landonorris
pokimane,larspeterzon
pokimane,lilypichu
pokimane,loltyler1
pokimane,ludwig
pokimane,michaelreeves
pokimane,nekoneko21
pokimane,revoxii1
pokimane,s1mple
pokimane,shroud
pokimane,sinatraa
pokimane,tommyinnit
pokimane,tommyinnitalt
rprx,39daph
rprx,72hrs
rprx,Acie
rprx,Apryze
rprx,Beaulo
rprx,BidzyGaming
rprx,CalamitiTV
rprx,DudeMakesGames
rprx,DurkChocolate
rprx,Euriece
rprx,Faide
rprx,Fesbak
rprx,Genburten
rprx,KAIKING0601
rprx,KAIKING1101
rprx,KSPKSP
rprx,LuluLuvely
rprx,Makina
rprx,Mande
rprx,McGravy
rprx,NICKMERCS
rprx,NateHill
rprx,NiceWigg
rprx,Ninja
rprx,OWOWOWOWOWOOW0
rprx,PRXf0rsakeN
rprx,Rainbow6Bravo
rprx,ReBoo0
rprx,Rogue
rprx,Selly55
rprx,ShivFPS
rprx,SicK_cs
rprx,SmallAnt
rprx,TSM_ImperialHal
rprx,TSM_Reps
rprx,TenZ
rprx,Tfue
rprx,ThatPunchKid
rprx,TheGodlyNoob
rprx,TheGrefg
rprx,TruNoom
rprx,UFC
rprx,Vienna
rprx,aBeZy
rprx,a_babybay
rprx,crylixblooom
rprx,daltoosh
rprx,enriku_
rprx,gamehousegame
rprx,hiswattson
rprx,iBsH
rprx,iiTzTimmy
rprx,imaha96
rprx,jOONASzki
rprx,joystickr6
rprx,michaelreeves
rprx,nniru
rprx,nukkye
rprx,peterparkTV
rprx,rainbowsix_uk
rprx,relaxing234
rprx,shroud
rprx,slaffx
rprx,snuffy
rprx,staycationtg
rprx,stormen
rprx,swimy
rprx,taxi2g
rprx,xWeebMaster
rprx,zaralizara
rprx,おにや
rprx,だるまいずごっど
rprx,ゆきお2
rprx,加藤純一です
rprx,占皮
rprx,奈奈本人
rprx,妲妲咬果凍
rprx,我放火啦
rprx,毒蛇蛇蛇_
rprx,渋谷ハル
rprx,花輪同學
rprx,賢者ふぅ
rprx,阿寧
stormen,Apryze
stormen,Askyyy
stormen,Asmr_NisA
stormen,BirnoOCE
stormen,BrollanCS
stormen,ClickFPS_
stormen,ESL_CSGOb
stormen,FaZeApex
stormen,Faide
stormen,GammaInkk
stormen,Gotaga
stormen,ItsSky
stormen,JW1337
stormen,KazZalmighty
stormen,KenxiTTV
stormen,Ky1eDriver
stormen,Lenarrio
stormen,LuluLuvely
stormen,Macro
stormen,Marzz_Ow
stormen,Meinnhart
stormen,Mongraal
stormen,NRG_Hamlinz
stormen,NickEh30
stormen,Oatley
stormen,PRXf0rsakeN
stormen,Rarezy
stormen,Replays
stormen,Revngeful
stormen,RockyNoHands
stormen,Rogue
stormen,SZ_Taisheen
stormen,Saruei
stormen,SciFri
stormen,Selly55
stormen,ShivFPS
stormen,SimplyAllegra
stormen,SlimSquid
stormen,Sunny_T1
stormen,TSM_ImperialHal
stormen,TenZ
stormen,Tfue
stormen,TimTheTatman
stormen,TruNoom
stormen,YayoIvy
stormen,aceu
stormen,ben_x_one
stormen,cloakzy
stormen,codequirk
stormen,dojacattington
stormen,iiTzTimmy
stormen,itzzluxx
stormen,miniminter
stormen,nmoose
stormen,nukkye
stormen,oraxe
stormen,rprx
stormen,s1mple
stormen,saphianeko
stormen,shroud
stormen,simply_ashton
stormen,snake1782
stormen,snuffy
stormen,sweetdreams
stormen,tommyinnit
stormen,uhhhaleah
stormen,violetmyers
stormen,x2Twins
stormen,xTheSolutionTV
stormen,zaralizara
summit1g,9Kyng
summit1g,Agitato34
summit1g,AngusLoob
summit1g,AnthonyZ
summit1g,Avenger__One
summit1g,BAMS
summit1g,CaptainBerks
summit1g,CinnamonToastKen
summit1g,Cizzorz
summit1g,ConnorEatsPants
summit1g,Corpse_Husband
summit1g,DisguisedToast
summit1g,DjFibretek
summit1g,DrDipsrespect
summit1g,Emiru
summit1g,EnduroWurx
summit1g,FaZeBlaze
summit1g,Forza
summit1g,Goicke
summit1g,GreenLenux
summit1g,JadiTV
summit1g,Jellypeanut
summit1g,KaiyokoStar
summit1g,Karlberg
summit1g,Kondyss
summit1g,LIRIK
summit1g,LinusTech
summit1g,MANvsGAME
summit1g,Mizkif
summit1g,Morphologis
summit1g,MrLlamaSC
summit1g,NadinWins
summit1g,Niaans
summit1g,Ninja
summit1g,PaymoneyWubby
summit1g,PlayNewWorld
summit1g,QTCinderella
summit1g,Quin69
summit1g,Rain
summit1g,Ranny
summit1g,Rymms
summit1g,SaltEMike
summit1g,Sarite
summit1g,SilverName
summit1g,Simo
summit1g,Simply
summit1g,Smoke
summit1g,SpectateTyler1
summit1g,Star Citizen
summit1g,Sykkuno
summit1g,TA5HKA
summit1g,ThatBronzeGirl
summit1g,The_Happy_Hob
summit1g,TommyKayLIVE
summit1g,TriebwerkEnergy
summit1g,Wirtual
summit1g,Wolfabelle
summit1g,Xaryu
summit1g,XeroState
summit1g,aceu
summit1g,berleezy
summit1g,bigmaccotacco
summit1g,eFdEde
summit1g,erobb221
summit1g,forsen
summit1g,fr3ddi__
summit1g,gmangary91
summit1g,hurrencanetv
summit1g,insanemxb
summit1g,instaSHINOBI
summit1g,jennydiedroge
summit1g,jl0playsgames
summit1g,ludwig
summit1g,nl_Kripp
summit1g,noelmiller
summit1g,pokimane
summit1g,richwcampbell
summit1g,rozaywz
summit1g,scump
summit1g,shroud
summit1g,simonhoneydew
summit1g,stevewillsendit
summit1g,tayler_pr
summit1g,the_eradicat0r
summit1g,tinypufferfish
summit1g,widow
summit1g,xQcOW
xQcOW,AdinRoss
xQcOW,AxelZUK
xQcOW,BabuM3RK
xQcOW,CallMeCarsonLIVE
xQcOW,CaptainPuffy
xQcOW,CashApp
xQcOW,EndyKyuu
xQcOW,F1NN5TER
xQcOW,Fleurr_
xQcOW,Forza
xQcOW,HUYNH
xQcOW,Impactxo
xQcOW,JustaMinx
xQcOW,Kariyu
xQcOW,LIRIK
xQcOW,Laski
xQcOW,LoLArabia
xQcOW,Mykayla
xQcOW,Nihachu
xQcOW,NoMore10IAR_55
xQcOW,OGQndres
xQcOW,OneShotGolfGame
xQcOW,OneTopic
xQcOW,RinANB
xQcOW,Riot Games
xQcOW,SkoochLive
xQcOW,VALORANT
xQcOW,bronny
xQcOW,cuptoast
xQcOW,faithordway
xQcOW,forsen
xQcOW,hannahxxrose
xQcOW,harmful
xQcOW,innitsecret
xQcOW,itzzeddjr
xQcOW,juicysg
xQcOW,lizardryan
xQcOW,ludwig
xQcOW,mackintoshmore
xQcOW,miister_mac
xQcOW,moistcr1tikal
xQcOW,nAts
xQcOW,noobbasic
xQcOW,nyanners
xQcOW,pipluptiny
xQcOW,raiinsvcks
xQcOW,rehx
xQcOW,s0mcs
xQcOW,sad_istfied
xQcOW,sakurashymko
xQcOW,shanks_ttv
xQcOW,shibasappy
xQcOW,shroud
xQcOW,sweateylol
xQcOW,thwifo
xQcOW,tommyinnitalt
xQcOW,tq2nice
xXxTheFocuSxXx,8cho
xXxTheFocuSxXx,AriGameplays
xXxTheFocuSxXx,BERRI
xXxTheFocuSxXx,ChutyVks
xXxTheFocuSxXx,DarkozTV
xXxTheFocuSxXx,DeqiuV
xXxTheFocuSxXx,ElMariana
xXxTheFocuSxXx,Emiru
xXxTheFocuSxXx,Evangelion0
xXxTheFocuSxXx,Fextralife
xXxTheFocuSxXx,Fibriza
xXxTheFocuSxXx,Frank_Cuesta
xXxTheFocuSxXx,G4G_REVENANT
xXxTheFocuSxXx,IJenz
xXxTheFocuSxXx,IlloJuan
xXxTheFocuSxXx,JaggerPrincesa
xXxTheFocuSxXx,JorgeTabet
xXxTheFocuSxXx,Josebas_ExAutentico
xXxTheFocuSxXx,LakshartNia
xXxTheFocuSxXx,Luzu
xXxTheFocuSxXx,Mangel
xXxTheFocuSxXx,MiyuGOD
xXxTheFocuSxXx,NASA
xXxTheFocuSxXx,NimuVT
xXxTheFocuSxXx,Perxitaa
xXxTheFocuSxXx,PsheroTV
xXxTheFocuSxXx,Rubius
xXxTheFocuSxXx,TaeSchnee
xXxTheFocuSxXx,Vylerria
xXxTheFocuSxXx,Zastela
xXxTheFocuSxXx,aXoZer
xXxTheFocuSxXx,adeleheroine
xXxTheFocuSxXx,aiina20
xXxTheFocuSxXx,alexelcapo
xXxTheFocuSxXx,auronplay
xXxTheFocuSxXx,biyin_
xXxTheFocuSxXx,elxokas
xXxTheFocuSxXx,falcony89
xXxTheFocuSxXx,ibai
xXxTheFocuSxXx,imrosen
xXxTheFocuSxXx,juansguarnizo
xXxTheFocuSxXx,komanche
xXxTheFocuSxXx,patodeaqualand
xXxTheFocuSxXx,paulagonu
xXxTheFocuSxXx,polispol1
xXxTheFocuSxXx,tyongeee
xXxTheFocuSxXx,xFaRgAnx
xXxTheFocuSxXx,빛베리
yvonnie,AnthonyZ
yvonnie,Blaustoise
yvonnie,Brofain
yvonnie,CashApp
yvonnie,ClashOfClans
yvonnie,DisguisedToast
yvonnie,Enviosity
yvonnie,GeeSice
yvonnie,GenshinImpactOfficial
yvonnie,GeorgeNotFound
yvonnie,GoodTimesWithScar
yvonnie,Hungrybox
yvonnie,ImKaiCenat
yvonnie,JaggerXTC
yvonnie,Lady_Siara
yvonnie,Leffen
yvonnie,Maya
yvonnie,MissSealy
yvonnie,Mizkif
yvonnie,MyaSalinaa
yvonnie,Natsumiii
yvonnie,OfflineTV
yvonnie,QuarterJade
yvonnie,RanbooLive
yvonnie,Samsora
yvonnie,Scarra
yvonnie,ShahZaM
yvonnie,Silky
yvonnie,SmallAnt
yvonnie,Spxzzin
yvonnie,Stressmonster
yvonnie,Sykkuno
yvonnie,TangoTek
yvonnie,ThisIsNotGeorgeNotFound
yvonnie,Welsknight
yvonnie,WilburSoot
yvonnie,Xisuma
yvonnie,ZedaphPlays
yvonnie,aboedmxtest
yvonnie,aceu
yvonnie,boxbox
yvonnie,bxnita_jayy
yvonnie,eaJParkOfficial
yvonnie,florettatv
yvonnie,fuslie
yvonnie,hJune
yvonnie,hairyshr1mp
yvonnie,iiTzTimmy
yvonnie,imjazztired
yvonnie,karljacobs
yvonnie,kirtyninja
yvonnie,kkatamina
yvonnie,lilypichu
yvonnie,ludwig
yvonnie,mang0
yvonnie,michaelreeves
yvonnie,moistcr1tikal
yvonnie,nixozip
yvonnie,peterparkTV
yvonnie,pokimane
yvonnie,ranboobutnot
yvonnie,ritoji_mekaki
yvonnie,savologicaI
yvonnie,tommyinnitalt
yvonnie,tweekssb
yvonnie,xenezene
