User,Games,language
109ace,"['Hearthstone', 'Just Chatting', 'StarCraft', 'League of Legends', 'Eternal Return: Black Survival']",Korean
22karubi,"['VALORANT', 'Apex Legends', 'Just Chatting', 'Overwatch', 'League of Legends']",Japanese
2chamcham2,"['League of Legends', 'LOST ARK', 'Just Chatting', 'Teamfight Tactics', ""PLAYERUNKNOWN'S BATTLEGROUNDS""]",Korean
39daph,"['Art', 'Minecraft', 'Final Fantasy XIV Online', 'The Sims 2', 'Genshin Impact']",English
5uppp,"['Among Us', 'Minecraft', 'VALORANT', 'Fall Guys: Ultimate Knockout', 'Just Chatting']",English
72hrs,"['Apex Legends', 'Fortnite', 'VALORANT', 'Call of Duty: Warzone', 'Dead by Daylight']",English
8cho,"['Just Chatting', 'Minecraft', ""I'm Only Sleeping"", 'Roblox', 'Knockout City']",Spanish
8ljaywalking,"['Teamfight Tactics', 'Legion TD 2', 'Just Chatting']",Korean
95pingman,"['Just Chatting', ""Tom Clancy's Rainbow Six Siege"", 'Minecraft', 'VALORANT', ""PLAYERUNKNOWN'S BATTLEGROUNDS""]",Korean
9ambler,"['League of Legends', 'Eternal Return', 'Just Chatting', 'Eternal Return: Black Survival', 'Apex Legends']",Korean
AdinRoss,"['Just Chatting', 'Grand Theft Auto V', 'NBA 2K22', 'Slots', 'Call of Duty: Black Ops Cold War']",English
AgenteMaxo,"['Just Chatting', 'Grand Theft Auto V', 'Star Citizen', 'Danganronpa: Trigger Happy Havoc', 'DayZ']",Spanish
Alanzoka,"['Just Chatting', 'Rocket League', 'Red Dead Redemption 2', 'Escape From Tarkov', 'Yakuza: Like a Dragon']",Portuguese
Alexby11,"['Just Chatting', 'Rust', 'Minecraft', 'DayZ', 'Fall Guys: Ultimate Knockout']",Spanish
Alinity,"['Just Chatting', 'Apex Legends', 'Mario Kart 8', 'Pools, Hot Tubs, and Beaches', 'Monopoly Plus']",English
Alliege,"['Fortnite', 'Just Chatting', 'Call of Duty: Warzone', 'Call of Duty: Black Ops Cold War', ""I'm Only Sleeping""]",Spanish
AlphaCast,"['Just Chatting', 'Valheim', 'Special Events', 'Grand Theft Auto V', 'Total War: Three Kingdoms']",French
Amouranth,"['ASMR', 'Just Chatting', 'Pools, Hot Tubs, and Beaches', 'Just Dance 2021', 'Mario Kart 8']",English
Ampeterby7,"['Fortnite', 'Minecraft', 'Brawl Stars', 'FIFA 22', 'Rocket League']",Spanish
Anas_Off,"['Grand Theft Auto V', 'Just Chatting', ""Tom Clancy's Rainbow Six Siege"", 'Squad', 'Phasmophobia']",French
Antfrost,"['Minecraft', 'Pummel Party', 'VALORANT', 'Among Us', 'Just Chatting']",English
AntoineDaniel,"['GeoGuessr', 'Grand Theft Auto V', 'Worms W.M.D', 'Among Us', 'Phoenix Wright: Ace Attorney − Trials and Tribulations']",French
AriGameplays,"['Minecraft', 'Just Chatting', 'Call of Duty: Warzone', 'Roblox', 'PUBG Mobile']",Spanish
AriaSaki,"['Just Chatting', 'Rust', 'VALORANT', 'Minecraft', 'Pokémon Platinum']",English
Ash_on_LoL,"['Grand Theft Auto V', 'Rust', 'Among Us', 'Valheim', 'Just Chatting']",English
Asmongold,"['World of Warcraft', 'Just Chatting', 'Final Fantasy XIV Online', 'Dungeons & Dragons', 'New World']",English
AsunaWEEB,"['VALORANT', 'Overwatch', 'Counter-Strike: Global Offensive']",English
AussieAntics,"['Fortnite', 'Apex Legends', 'Minecraft', 'Call of Duty: Warzone', 'Just Chatting']",English
AustinShow,['Just Chatting'],English
AverageJonas,"['VALORANT', 'Apex Legends', 'New World', 'Rust', 'World of Warcraft']",English
Aydan,"['Call of Duty: Warzone', 'Call Of Duty: Modern Warfare', 'Call of Duty: Black Ops Cold War', 'Fortnite', 'World of Warcraft']",English
BENIJU03,"['Clash Royale', 'Minecraft', 'Just Chatting', 'Brawl Stars', 'Call of Duty: Mobile']",Spanish
BLOU,"['Just Chatting', 'Grand Theft Auto V', 'NBA 2K22', 'Splitgate', 'Back 4 Blood']",English
BadBoyHalo,"['Minecraft', 'Gartic Phone', 'skribbl.io', 'Genshin Impact', 'Hivemind Gameshow']",English
Baiano,"['League of Legends', 'Just Chatting', 'Counter-Strike: Global Offensive', 'League of Legends: Wild Rift', 'Talk Shows & Podcasts']",Portuguese
BarcaGamer,"['Just Chatting', 'Rocket League', 'Call of Duty: Warzone', 'Minecraft', 'Rust']",Spanish
BoomerNA,"['Minecraft', 'Pummel Party', 'Just Chatting', 'VALORANT', 'The Legend of Zelda: Breath of the Wild']",English
BrookeAB,"['Just Chatting', 'VALORANT', 'Rust', 'Among Us', 'Minecraft']",English
BruceGrannec,"['FIFA 21', 'Call of Duty: Warzone', 'FIFA 22', 'Sports', 'Just Chatting']",French
Bugha,"['Fortnite', 'VALORANT', 'Just Chatting', 'Counter-Strike: Global Offensive', 'Marbles On Stream']",English
CBLOL,"['League of Legends', 'Teamfight Tactics', 'VALORANT']",Portuguese
CDawgVA,"['Apex Legends', 'Just Chatting', 'Chess', ""I'm Only Sleeping"", 'Pokémon Platinum']",English
CaptainPuffy,"['Minecraft', 'Just Chatting', 'VALORANT', 'Jackbox Party Packs', 'Among Us']",English
CaptainSparklez,"['Minecraft', 'Among Us', 'Stardew Valley', 'Subnautica: Below Zero', 'Undertale']",English
Carola,"['Minecraft', 'Grand Theft Auto V', 'Just Chatting', 'Escape From Tarkov', 'Rust']",Spanish
Carreraaa,"['Just Chatting', 'Fall Guys: Ultimate Knockout', 'Drawy', 'Roblox', 'Ranch Simulator']",Spanish
Cellbit,"['Just Chatting', 'Tabletop RPGs', 'Dark Souls', 'Your Turn To Die -Death Game By Majority-', 'Umineko: When They Cry']",Portuguese
Chanzes,"['Fortnite', 'Call of Duty: Warzone', 'Minecraft', 'Escape From Tarkov', 'Apex Legends']",English
Chica,"['Fortnite', 'Just Chatting', 'Call of Duty: Warzone', 'Apex Legends', 'Rust']",English
ClintStevens,"['Super Mario 64', 'Mario Kart 8', 'Pokémon Unite', 'The Legend of Zelda: Skyward Sword HD', 'Fall Guys: Ultimate Knockout']",English
Clix,"['Fortnite', 'Grand Theft Auto V', 'Just Chatting', 'Call of Duty: Warzone', 'Counter-Strike: Global Offensive']",English
Co1azo,"['Fortnite', 'Apex Legends', 'Call of Duty: Black Ops Cold War', 'Just Chatting', 'Call of Duty: Modern Warfare 3']",English
CodeMiko,"['Just Chatting', 'Grand Theft Auto V', 'Pools, Hot Tubs, and Beaches', 'Chess', 'Resident Evil Village']",English
ConnorEatsPants,"['Just Chatting', 'Minecraft', 'VALORANT', 'Mario Kart 8', 'PowerWash Simulator']",English
CooLifeGame,"['Grand Theft Auto V', 'Minecraft', 'Just Chatting', 'Teamfight Tactics', 'Rust']",Spanish
Corpse_Husband,"['Back 4 Blood', 'Friday the 13th: The Game', 'Left 4 Dead 2', 'THE GAME OF LIFE 2', 'Gang Beasts']",English
CrankGameplays,"['Resident Evil Village', 'Just Chatting', 'Among Us', 'Dead by Daylight', 'Minecraft']",English
CriticalRole,"['Dungeons & Dragons', 'Talk Shows & Podcasts', 'Just Chatting', 'The Elder Scrolls Online', 'Tabletop RPGs']",English
D3stri,"['Grand Theft Auto V', 'Fortnite', 'Rust', 'Minecraft', 'Among Us']",Spanish
DanTDM,"['Minecraft', 'Rust', 'Just Chatting', 'Pokémon Trading Card Game', 'Fortnite']",English
DavyJones,"['Call of Duty: Warzone', 'Sports', 'Minecraft', 'Just Chatting', 'Grand Theft Auto V']",Portuguese
Deujna,"['Just Chatting', 'Dead by Daylight', 'Animal Crossing: New Horizons', 'Among Us', 'Fall Guys: Ultimate Knockout']",French
Dilera,"['Call of Duty: Warzone', 'Grand Theft Auto V', 'Among Us', 'Phasmophobia', 'Resident Evil Village']",Portuguese
DisguisedToast,"['Just Chatting', 'Special Events']",English
Doigby,"['Minecraft', 'Fortnite', 'League of Legends', 'Mario Kart 8', 'Just Chatting']",French
Domingo,"['Just Chatting', 'Football Manager 2021', 'FIFA 21', 'Talk Shows & Podcasts', 'FIFA 22']",French
DreamAlt_,"['Minecraft', 'GeoGuessr']",English
DropsByPonk,"['Minecraft', 'Just Chatting', 'GeoGuessr', 'Potato Thriller']",English
EASPORTSFIFA,"['FIFA 21', 'FIFA 22']",English
ESL_CSGO,['Counter-Strike: Global Offensive'],English
ElMariana,"['Just Chatting', 'Call of Duty: Warzone', 'Minecraft', 'Rust', 'ROBLOX']",Spanish
ElSpreen,"['Just Chatting', 'Minecraft', 'Games + Demos', 'ROBLOX', ""Plants vs. Zombies 2: It's About Time""]",Spanish
EmadGG,"['Fortnite', 'Just Chatting', 'Call of Duty: Black Ops', 'Apex Legends', 'Call of Duty: Warzone']",English
Emiru,"['League of Legends', 'Just Chatting', 'Eternal Return: Black Survival', 'Eternal Return', 'Monopoly Plus']",English
Enviosity,"['Genshin Impact', 'Apex Legends', 'Hollow Knight', 'Phantom Abyss', 'Horizon Zero Dawn']",English
Eret,"['Minecraft', 'Undertale', 'Just Chatting', 'The Legend of Zelda: Breath of the Wild', 'Deltarune: Chapter 1']",English
EsfandTV,"['World of Warcraft', 'Grand Theft Auto V', 'Just Chatting', 'Final Fantasy XIV Online', 'Madden NFL 22']",English
Etoiles,"['Just Chatting', 'Mario Kart 8', 'TrackMania', 'Teamfight Tactics', 'FIFA 21']",French
FaZeSway,"['Fortnite', 'Just Chatting', 'Naruto Shippuden: Ultimate Ninja Storm 4', '7 Days to Die', 'Jump Force']",English
Faker,['League of Legends'],Korean
FarfadoxVEVO,"['Minecraft', 'Rust', 'Just Chatting', 'VRChat', 'Terraria']",Spanish
Felps,"['Just Chatting', 'Dead by Daylight', 'Beat Saber', 'Minecraft', 'Idle Slayer']",Portuguese
Fernanfloo,['Fortnite'],Spanish
Fextralife,"['New World', 'Apex Legends', 'The Elder Scrolls Online', 'Genshin Impact', 'Diablo II: Resurrected']",English
FlowPodcast,"['Talk Shows & Podcasts', 'Dota 2', 'Tabletop RPGs']",Portuguese
Foolish_Gamers,"['VALORANT', 'Minecraft', 'Just Chatting', 'PowerWash Simulator', 'Bloons TD 6']",English
Fortnite,['Fortnite'],English
Fresh,"['Fortnite', 'VALORANT', 'Rust', 'Apex Legends', 'Valheim']",English
Froggen,"['League of Legends', 'Bloons TD 6', 'Little Nightmares II', 'Portal 2', 'Doki Doki Literature Club Plus!']",English
Fundy,"['Minecraft', 'Just Chatting', 'Chess', 'Among Us', 'Subnautica: Below Zero']",English
G0ularte,"['Just Chatting', 'Minecraft', 'VRChat', 'Counter-Strike: Global Offensive', 'League of Legends']",Portuguese
Gabi,"['Just Chatting', 'Dead by Daylight', 'Talk Shows & Podcasts', 'Omori', 'Subnautica: Below Zero']",Portuguese
Gaules,"['Counter-Strike: Global Offensive', 'Among Us', 'War by Grow Games', 'Motorsport Manager', 'Suspects: Mystery Mansion']",Portuguese
Gemita,"['Just Chatting', 'Minecraft', 'VALORANT', 'Clash Royale', 'Grand Theft Auto V']",Spanish
GenshinImpactOfficial,['Genshin Impact'],English
GeorgeNotFound,"['Minecraft', 'Just Chatting', 'Among Us', 'SpeedRunners', ""Who's Your Daddy""]",English
Gotaga,"['Call of Duty: Warzone', 'Apex Legends', 'FIFA 22', 'Pokémon Emerald', 'Just Chatting']",French
Greekgodx,"['Just Chatting', 'Grand Theft Auto V', 'Rust', 'Slots', 'osu!']",English
Guaxinim,"['Just Chatting', 'Grand Theft Auto V', 'VALORANT', 'Rocket League', 'Counter-Strike: Global Offensive']",Portuguese
HBomb94,"['Minecraft', 'Among Us', 'Just Chatting', 'Pokémon HeartGold/SoulSilver', 'Hearthstone']",English
HasanAbi,"['Just Chatting', 'Grand Theft Auto V', 'Rust', 'The Legend of Zelda: Breath of the Wild', 'Subnautica']",English
Hiko,"['VALORANT', 'Valorant', 'Overwatch', 'Back 4 Blood', 'Sekiro: Shadows Die Twice']",English
IamCristinini,"['Grand Theft Auto V', 'Just Chatting', 'Minecraft', 'ARK: Survival Evolved', 'Rust']",Spanish
Inoxtag,"['Just Chatting', 'Special Events', 'Minecraft', 'FIFA 21', 'Z1: Battle Royale']",French
JASONR,"['VALORANT', 'Escape From Tarkov', 'League of Legends', 'Slots', 'Counter-Strike: Global Offensive']",English
JLAmaru,"['Just Chatting', 'League of Legends', 'Grand Theft Auto V', 'Rocket League', 'VALORANT']",French
JLBichouu,"['Grand Theft Auto V', 'Just Chatting', ""Garry's Mod"", 'Red Dead Redemption 2', 'Call of Duty: Warzone']",French
JLTomy,"['Grand Theft Auto V', 'League of Legends', 'Just Chatting', 'Red Dead Redemption 2', 'Call of Duty: Warzone']",French
JackManifoldTV,"['Minecraft', 'Just Chatting', 'GeoGuessr', 'Phasmophobia', 'Jackbox Party Packs']",English
JaggerPrincesa,"['Just Chatting', 'Minecraft', 'Rust', 'Grand Theft Auto V', 'DOOM Eternal']",Spanish
JeanPormanove,"['Fortnite', 'Grand Theft Auto V', 'Call of Duty: Warzone', 'Apex Legends', 'Slots']",French
JeelTV,"['Just Chatting', 'Food & Drink', 'Among Us', 'Mario Kart 8', 'Grand Theft Auto V']",French
Jelty,"['Fortnite', 'Just Chatting', 'Minecraft', ""I'm Only Sleeping"", 'ROBLOX']",Spanish
Jerma985,"['Just Chatting', 'Slime Rancher', 'No More Heroes III', 'Pikmin 2', 'Resident Evil Village']",English
Jinnytty,"['Just Chatting', 'Pools, Hot Tubs, and Beaches', ""Demon's Souls"", 'Resident Evil Village', 'Grand Theft Auto IV']",English
Jirayalecochon,"['Just Chatting', 'FIFA 21', 'Mario Kart 8 Deluxe', 'Pokémon Platinum', 'God of War']",French
Joueur_du_Grenier,"['Just Chatting', 'Worms W.M.D', 'Grand Theft Auto V', 'New World', 'Special Events']",French
JustaMinx,"['Just Chatting', 'Grand Theft Auto V', 'ROBLOX', 'VALORANT', 'Minecraft']",English
Kaceytron,"['Just Chatting', ""I'm Only Sleeping"", 'Rust', 'League of Legends', 'Overwatch']",English
Kamet0,"['League of Legends', 'Just Chatting', 'Minecraft', 'VALORANT', 'Dofus']",French
Kaydop,"['Rocket League', 'Call of Duty: Warzone', 'ALTF4', 'Valheim', 'Slapshot Rebound']",French
Kyedae,"['VALORANT', 'Just Chatting', 'Back 4 Blood', 'Genshin Impact', 'It Takes Two']",English
LCS,['League of Legends'],English
LITkillah,"['Grand Theft Auto V', 'Just Chatting', 'Fortnite', 'Music', 'Monopoly Plus']",Spanish
LOUD_Mii,"['Minecraft', 'Counter-Strike: Global Offensive', 'Just Chatting', 'Garena Free Fire', 'VALORANT']",Portuguese
LVNDMARK,"['Escape From Tarkov', 'Battlefield 2042', 'The Cycle: Frontier', 'Apex Legends', 'VALORANT']",English
Laink,"['Rocket League', 'Penumbra: Black Plague', 'theHunter: Call of the Wild', 'HITMAN 3', 'Hunt: Showdown']",French
LakshartNia,"['Minecraft', 'ARK: Survival Evolved', 'Grand Theft Auto V', 'Rust', 'Just Chatting']",Spanish
LanuSky,"['Minecraft', 'Among Us', 'Counter-Strike: Global Offensive', 'VALORANT', 'The Sims 4']",English
LeBouseuh,"['Rocket League', 'Just Chatting', 'Dofus', 'F1 2020', 'Minecraft']",French
Leynainu,"['ASMR', 'Pools, Hot Tubs, and Beaches', 'Just Chatting', 'World of Warcraft', 'Valheim']",English
Locklear,"['Just Chatting', 'Call of Duty: Warzone', 'Grounded', 'Grand Theft Auto V', 'Planet Coaster']",French
Loserfruit,"['Fortnite', 'Just Chatting', 'VALORANT', 'Rocket League', 'Pokémon Unite']",English
LuluLuvely,"['Apex Legends', 'Rust', 'Overwatch', 'Call of Duty: Warzone', 'VALORANT']",English
Luzu,"['Minecraft', 'Just Chatting', 'Grand Theft Auto V', 'Resident Evil Village', '60 Seconds! Reatomized']",Spanish
Maghla,"['Just Chatting', 'Valheim', 'Outer Wilds', 'Art', 'Subnautica: Below Zero']",French
Markiplier,"['Just Chatting', 'The Forest', 'Call of Duty: Black Ops Cold War', 'Voidtrain', 'Haunt Chaser']",English
Masayoshi,"['VALORANT', 'Rust', 'Just Chatting', 'Minecraft', 'Apex Legends']",English
Maya,"['Just Chatting', 'Music', 'Knockout City', 'It Takes Two', 'Counter-Strike: Global Offensive']",English
Mayichi,"['ARK: Survival Evolved', 'Just Chatting', 'Minecraft', 'Rust', 'Grand Theft Auto V']",Spanish
Meikodboy_,"['Grand Theft Auto V', 'Just Chatting', 'Call of Duty: Black Ops Cold War', 'FIFA 22', 'FIFA 21']",Portuguese
MenosTrece,"['Escape From Tarkov', 'Dead by Daylight', 'Rust', 'Grand Theft Auto V', 'Valheim']",Spanish
Mickalow,"['Apex Legends', 'VALORANT', ""Tom Clancy's Rainbow Six Siege"", 'Just Chatting', 'Rocket League']",French
MissaSinfonia,"['Just Chatting', 'Rust', 'Roblox', 'Call of Duty: Warzone', 'Special Events']",Spanish
Mizkif,"['Just Chatting', 'Super Mario 64', 'League of Legends', 'Rust', 'Jump King']",English
MoMaN,"['Grand Theft Auto V', 'VALORANT', 'New World', 'Valheim', ""PLAYERUNKNOWN'S BATTLEGROUNDS""]",French
Mongraal,"['Fortnite', 'Just Chatting', 'KovaaK 2.0', ""KovaaK's FPS Aim Trainer"", 'Naraka: Bladepoint']",English
MrSavage,"['Fortnite', 'Knockout City', 'Rust', 'fifa 22']",English
Mushway,"['Fortnite', 'Just Chatting', 'Slots', 'VALORANT', 'FIFA 22']",French
Myth,"['VALORANT', 'Rust', 'Call of Duty: Warzone', 'Apex Legends', 'Just Chatting']",English
NICKMERCS,"['Call of Duty: Warzone', 'Apex Legends', 'Fortnite', 'Fitness & Health', 'Sports']",English
NOBRU,"['Garena Free Fire', 'Just Chatting', 'Grand Theft Auto V', 'Call of Duty: Warzone', 'Fall Guys: Ultimate Knockout']",Portuguese
NRG_Hamlinz,"['Just Chatting', 'Apex Legends', 'Fortnite', 'Grand Theft Auto V', 'Dead by Daylight']",English
Natsumiii,"['Just Chatting', 'VALORANT', 'Rust', 'Minecraft', 'League of Legends']",English
Nephtunie,"['Call of Duty: Warzone', 'ARK: Survival Evolved', 'Minecraft', 'Just Chatting', 'VALORANT']",Spanish
NiceWigg,"['Apex Legends', 'VALORANT', 'It Takes Two', 'Just Chatting', 'Minecraft']",English
NickEh30,"['Fortnite', 'Chess', 'Just Chatting', 'God of War', ""Marvel's Guardians of the Galaxy""]",English
Nihachu,"['Minecraft', 'Just Chatting', 'VALORANT', 'Art', 'Life is Strange: True Colors']",English
NimuVT,"['Just Chatting', 'Minecraft', ""I'm Only Sleeping"", '60 Seconds!', 'Resident Evil Village']",Spanish
Ninja,"['League of Legends', 'VALORANT', 'Final Fantasy XI', 'Apex Legends', 'Fortnite']",English
Nmplol,"['Just Chatting', 'Rust', 'FIFA 21', 'Apex Legends', 'It Takes Two']",English
Oscurlod,"['Just Chatting', 'FIFA 21', 'Chess', 'Grand Theft Auto V', 'Fortnite']",Spanish
PGL,['Counter-Strike: Global Offensive'],English
PRINCE__OFF,"['FIFA 21', 'FIFA 22', 'Just Chatting', ""Tom Clancy's Rainbow Six Siege"", 'Grand Theft Auto V']",French
PaymoneyWubby,"['Just Chatting', 'It Takes Two', 'Escape from Tarkov', 'A Way Out', 'Hivemind Gameshow']",English
Perxitaa,"['Grand Theft Auto V', 'Rust', 'Minecraft', 'Among Us', 'Just Chatting']",Spanish
Pestily,"['Escape From Tarkov', ""I'm Only Sleeping"", 'Just Chatting', 'Age of Empires II', 'Apex Legends']",English
Pewdiepie,[],English
Philza,"['Minecraft', 'Just Chatting', 'Rocket League', 'Halo 3: ODST', 'Knockout City']",English
PipePunk,"['Just Chatting', 'Fortnite', 'Minecraft', 'Rust', 'ROBLOX']",Spanish
PlayHard,"['Grand Theft Auto V', 'Just Chatting', 'Garena Free Fire', 'Ark: Survival Evolved', 'The Isle']",Portuguese
Ponce,"['Just Chatting', 'Mario Kart 8', 'FIFA 21', 'Rocket League', 'Super Mario Odyssey']",French
Punz,"['VALORANT', 'Minecraft', 'Pummel Party', 'Rust', 'Among Us']",English
Purpled,"['Minecraft', 'Subnautica', 'Just Chatting', 'Fortnite', 'VALORANT']",English
QTCinderella,"['Just Chatting', 'Chess', 'League of Legends', 'Rust', 'Parkitect']",English
Quackity,"['Minecraft', 'Just Chatting', 'Habbo', 'Gartic Phone', 'IMVU']",English
QuackityToo,"['Just Chatting', 'Minecraft', 'Roblox', 'Toontown Online', 'Outlast']",English
QuarterJade,"['VALORANT', 'Just Chatting', 'Apex Legends', 'Rust', 'Among Us']",English
ROSHTEIN,"['Slots', 'Just Chatting', 'FIFA 22', 'Apex Legends']",English
Rakin,"['New World', 'League of Legends', 'Teamfight Tactics', 'VALORANT', 'Just Chatting']",Portuguese
Ramee,"['Grand Theft Auto V', 'VALORANT', 'Rust', 'Just Chatting', 'Splitgate']",English
RanbooLive,"['Minecraft', 'Just Chatting', 'Life is Strange', 'Night in the Woods', 'Portal 2']",English
Ranger,"['Fortnite', 'Fitness & Health', 'Just Chatting']",English
RatedEpicz,"['Grand Theft Auto V', 'VALORANT', 'Rust', 'FIFA 22', 'Rogue Company']",English
RebeuDeter,"['League of Legends', 'Grand Theft Auto V', 'Just Chatting', 'The Last of Us Part II', 'Resident Evil Village']",French
Reborn_Live,"['Just Chatting', 'Rust', 'Grand Theft Auto V', 'Minecraft', 'Dead by Daylight']",Spanish
Reetlol,"['Fortnite', 'Just Chatting', 'Apex Legends', 'Call of Duty: Black Ops Cold War', 'VALORANT']",English
Reverse2k,"['Fortnite', 'Apex Legends', 'VALORANT', 'Counter-Strike: Global Offensive', 'Rocket League']",English
RobertoCein,"['Just Chatting', 'Minecraft', 'ARK: Survival Evolved', ""I'm Only Sleeping"", 'Call of Duty: Warzone']",Spanish
Robleis,"['Just Chatting', 'Clash Royale', 'Fortnite', 'Minecraft', 'Counter-Strike: Global Offensive']",Spanish
RocketLeague,['Rocket League'],English
Rubius,"['Just Chatting', 'Grand Theft Auto V', 'Minecraft', 'Rust', 'God of War']",Spanish
SLAKUN10,"['Just Chatting', 'Grand Theft Auto V', 'Rocket League', 'VALORANT', 'Rust']",Spanish
Sapnap,"['Minecraft', 'Just Chatting', 'Monopoly Plus', 'Phasmophobia', ""Five Nights at Freddy's""]",English
Sardoche,"['Chess', 'League of Legends', 'Rocket League', 'Trials Rising', 'Dark Souls III']",French
Scarra,"['Teamfight Tactics', 'Eternal Return: Black Survival', 'Final Fantasy XIV Online', 'VALORANT', 'League of Legends']",English
ScreaM,"['VALORANT', 'Raid: Shadow Legends', 'Counter-Strike: Global Offensive']",English
ShahZaM,"['VALORANT', 'Jump King', 'Just Chatting', 'Counter-Strike: Global Offensive', 'Special Events']",English
Shiphtur,"['VALORANT', 'League of Legends', 'Just Chatting', 'Eternal Return: Black Survival', 'Apex Legends']",English
ShivFPS,"['Apex Legends', 'Rust', 'Call of Duty: Warzone', 'Battlefield 2042', 'Enlisted']",English
SkyrrozTV,"['Call of Duty: Warzone', 'Apex Legends', 'Call of Duty: Vanguard', 'Call of Duty: Black Ops Cold War', 'Resident Evil Village']",French
Slimecicle,"['Minecraft', 'The Dark Pictures Anthology: House of Ashes', 'Valheim', 'Metroid Dread', 'Inscryption']",English
Smajor,"['Minecraft', 'Among Us', 'Dread Hunger', 'VALORANT', 'Phasmophobia']",English
SmallAnt,"['Minecraft', 'Super Mario Odyssey', 'Pokémon Sword/Shield', 'Hollow Knight', 'Just Chatting']",English
Smzinho,"['Call of Duty: Warzone', 'Just Chatting', 'Tabletop RPGs', 'Middle-earth: Shadow of War', 'Watch Parties']",Portuguese
Snifferish,"['Minecraft', 'Just Chatting', 'Art', 'Pummel Party', 'It Takes Two']",English
Snip3down,"['Apex Legends', 'Halo: The Master Chief Collection', 'Just Chatting', 'Halo Infinite', 'Titanfall 2']",English
Solary,"['League of Legends', 'Teamfight Tactics', 'Talk Shows & Podcasts', 'Super Smash Bros. Ultimate', 'Dofus']",French
SolaryFortnite,"['Fortnite', 'Grand Theft Auto V', 'Pokémon Unite', 'Just Chatting', 'Naraka: Bladepoint']",French
Sommerset,"['Fortnite', 'Just Chatting', 'Apex Legends', 'Grand Theft Auto V', 'VALORANT']",English
SoyPan,"['Just Chatting', 'Fortnite', 'Call of Duty: Warzone', ""I'm Only Sleeping"", 'VALORANT']",Spanish
Squeezie,"['Just Chatting', 'Minecraft', 'Among Us', 'Genshin Impact', 'Special Events']",French
StableRonaldo,"['Slots', 'Fortnite', 'Rust', 'Just Chatting', 'Z1: Battle Royale']",English
Staryuuki,"['Just Chatting', 'Food & Drink', 'Grand Theft Auto V', 'Just Dance 2021', 'Fortnite']",Spanish
StreamerHouse,"['FINAL FANTASY XIV Online', 'New World', 'Outriders', 'Valheim', 'Atlas']",English
Subroza,"['VALORANT', 'Just Chatting', 'Apex Legends', 'Knockout City', 'Valorant']",English
SuperHenryTran,"['Just Chatting', 'League of Legends', 'Among Us', 'Minecraft', 'Life is Strange 2']",French
Swagg,"['Call of Duty: Warzone', 'Sports', 'Call of Duty: Vanguard', 'Just Chatting', 'Knockout City']",English
Sweet_Anita,"['Just Chatting', 'Apex Legends', 'Grand Theft Auto V', 'Poker', 'Among Us']",English
Sykkuno,"['Grand Theft Auto V', 'VALORANT', 'Among Us', 'Just Chatting', 'Rust']",English
Symfuhny,"['Call of Duty: Warzone', 'Apex Legends', 'Rust', 'Knockout City', 'Back 4 Blood']",English
SypherPK,"['Fortnite', 'Call of Duty: Warzone', 'Apex Legends', 'New World', 'Just Chatting']",English
TPAIN,"['Music', 'Just Chatting', 'Forza Horizon 4', 'Assetto Corsa', 'Rust']",English
TSM_Bjergsen,['League of Legends'],English
TSM_ImperialHal,"['Apex Legends', 'The Dark Pictures Anthology: House of Ashes', 'Naraka: Bladepoint', 'Among Us', 'Raid: Shadow Legends']",English
TaySon,"['Fortnite', 'FIFA 22', 'VALORANT']",English
Technoblade,[],English
Tectone,"['Genshin Impact', 'Among Us', 'Apex Legends', 'Just Chatting', 'Pokémon HeartGold/SoulSilver']",English
TenZ,"['VALORANT', 'League of Legends', 'Genshin Impact', 'Valheim', 'It Takes Two']",English
Terracid,"['Minecraft', 'Valheim', 'Just Chatting', 'Counter-Strike: Global Offensive', 'Forza Horizon 4']",French
Tfue,"['Minecraft', 'Call of Duty: Warzone', 'Apex Legends', 'Grand Theft Auto V', 'Just Chatting']",English
TheGrefg,"['Fortnite', 'Just Chatting', 'Minecraft', 'Clash Royale', 'Rust']",Spanish
TheKAIRI78,"['Fortnite', 'Just Chatting', 'Grand Theft Auto V', 'Call of Duty: Black Ops III', 'FIFA 22']",French
ThisIsNotGeorgeNotFound,"['Minecraft', 'Just Chatting', 'Counter-Strike: Global Offensive', 'Among Us', 'Fortnite']",English
TimTheTatman,"['Call of Duty: Warzone', 'Just Chatting', 'VALORANT', 'Apex Legends', 'New World']",English
TinaKitten,"['Among Us', 'Just Chatting', 'Rust', 'Genshin Impact', 'Minecraft']",English
TobiasFate,"['League of Legends', 'Aliens: Fireteam Elite', 'Total War: Warhammer II', 'Deep Rock Galactic', 'Dawn of War - Winter Assault']",English
Tocata,"['Fortnite', 'Rocket League', 'Minecraft', 'Just Chatting', 'Grand Theft Auto V']",Spanish
Trainwreckstv,"['Slots', 'Just Chatting', 'Rust', 'Apex Legends', 'Among Us']",English
TrumpSC,"['Hearthstone', 'Stocks And Bonds', 'Age of Empires IV', 'Dyson Sphere Program', 'Slay the Spire']",English
Tubbo,"['Minecraft', 'Just Chatting', 'Counter-Strike: Global Offensive', 'Chess', 'Life is Strange']",English
TubboLIVE,"['Minecraft', 'Just Chatting', 'Counter-Strike: Global Offensive', 'VALORANT', 'Detroit: Become Human']",English
Tuli_acosta,"['Call of Duty: Mobile', 'Just Chatting', 'Grand Theft Auto V', 'Food & Drink', 'PUBG Mobile']",Spanish
TwitchRivals,"['Call of Duty: Warzone', 'League of Legends', 'VALORANT', 'Fortnite', 'Minecraft']",English
VALORANT,['VALORANT'],English
VEGETTA777,[],Spanish
Vicens,"['Fortnite', 'Clash Royale', 'Grand Theft Auto V', 'Rust', 'Just Chatting']",Spanish
VioletaG,"['Minecraft', 'Just Chatting', 'Grand Theft Auto V', 'Rust', 'DayZ']",Spanish
WARDELL,"['valorant', 'VALORANT', 'Escape From Tarkov', 'Just Chatting', 'Fitness & Health']",English
WankilStudio,"['Valheim', 'Minecraft', 'PUBG: BATTLEGROUNDS', 'Counter-Strike: Global Offensive', 'Just Chatting']",French
WilburSoot,"['Minecraft', 'Just Chatting', 'GeoGuessr', 'Rust', 'Phasmophobia']",English
Willyrex,[],Spanish
XEWER,"['Fortnite', 'Slots', 'Apex Legends', 'Just Chatting', 'Grand Theft Auto V']",French
Yassuo,"['League of Legends', 'Slots', 'VALORANT', 'Just Chatting', 'Apex Legends']",English
YoDa,"['League of Legends', 'New World', 'Grand Theft Auto V', 'Just Chatting', 'Sea of Thieves']",Portuguese
Zeling,"['League of Legends', 'Just Chatting', 'Minecraft', 'Rust', 'ARK: Survival Evolved']",Spanish
ZeratoR,"['New World', 'World of Warcraft', 'TrackMania', 'VALORANT', 'Worms W.M.D']",French
a60426042,"['League of Legends', 'Just Chatting', 'Teamfight Tactics', 'Darkest Dungeon II', 'Battlerite Royale']",Korean
aXoZer,"['Minecraft', 'Just Chatting', 'Grand Theft Auto V', 'Twitch Plays', 'Fall Guys: Ultimate Knockout']",Spanish
aba4647,"['League of Legends', 'Just Chatting', 'World of Warcraft', 'Naraka: Bladepoint', 'StarCraft']",Korean
academy,['League of Legends'],English
aceu,"['Apex Legends', 'VALORANT', 'Escape From Tarkov', 'Just Chatting', 'Dark Souls III']",English
actingliketommy,"['Fortnite', 'Just Chatting', 'Pools, Hot Tubs, and Beaches']",English
adolfz,"['FIFA 21', 'FIFA 22', 'Rocket League', 'Grand Theft Auto: San Andreas', 'Call of Duty: Black Ops Cold War']",Portuguese
aduck09,"['Just Chatting', 'Omori', 'Minecraft', 'Skul: The Hero Slayer', 'Green Hell']",Korean
agueppo,"['Just Chatting', 'League of Legends', '7 Days to Die', 'Green Hell', 'It Takes Two']",Korean
ailee_official,"[""PLAYERUNKNOWN'S BATTLEGROUNDS"", 'Just Chatting', 'Phasmophobia', ""PLAYERUNKNOWN'S BATTLEGROUNDS"", 'Gartic Phone']",Korean
aimsey,"['Minecraft', 'Just Chatting', 'Roblox', 'Counter-Strike: Global Offensive', 'Life is Strange']",English
ajehr,"['Talk Shows & Podcasts', 'The Binding of Isaac: Afterbirth', 'Games + Demos', 'Lost Judgment', 'Miitopia']",Korean
akakzldzhd,"['Just Chatting', 'League of Legends', 'The Legend of Zelda: Breath of the Wild', 'StarCraft', 'Pokémon Sword/Shield']",Korean
akvl1229,"['Just Chatting', 'Minecraft']",Korean
alanzoka,"['Just Chatting', 'Rocket League', 'Red Dead Redemption 2', 'Escape From Tarkov', 'Yakuza: Like a Dragon']",Portuguese
albralelie,"['Apex Legends', 'League of Legends', 'VALORANT', 'Escape From Tarkov', 'Halo Infinite']",English
alelu,"['Apex Legends', 'Escape From Tarkov', 'VALORANT', ""Tom Clancy's Rainbow Six Siege"", 'Stardew Valley']",Japanese
alfrea,"['League of Legends', 'Escape From Tarkov', 'Just Chatting', 'Apex Legends', 'Path of Exile']",Japanese
alstlr0215,"['League of Legends', 'LOST ARK', 'StarCraft', 'Just Chatting', 'Tekken 7']",Korean
aminematue,"['Grand Theft Auto V', 'Just Chatting', 'League of Legends', 'The Legend of Zelda: Breath of the Wild', 'FIFA 22']",French
amouranth,"['ASMR', 'Just Chatting', 'Pools, Hot Tubs, and Beaches', 'Just Dance 2021', 'Mario Kart 8']",English
ao_o5,"['Just Chatting', 'League of Legends', ""PLAYERUNKNOWN'S BATTLEGROUNDS"", 'Music', ""Tom Clancy's Rainbow Six Siege""]",Korean
aparkha,"['Apex Legends', 'Raft', 'Escape From Tarkov', 'Rust', 'Super People']",Korean
apexerpinky,"['Apex Legends', 'VALORANT', 'Overwatch', 'Fortnite']",Japanese
apryze,"['Apex Legends', 'Science & Technology', 'Pummel Party', 'It Takes Two', 'VALORANT']",English
aram4519,"['League of Legends', 'StarCraft', ""Pop'n Music"", 'They Are Billions', 'Just Chatting']",Korean
aroyitt,"['Just Chatting', 'Minecraft', 'Rust', 'DayZ', 'ARK: Survival Evolved']",Spanish
ars4321,"['LOST ARK', 'League of Legends', 'Diablo II: Resurrected', 'Ib', 'Teamfight Tactics']",Korean
ashleykang,"['League of Legends', 'Dark Souls III', 'Just Chatting', 'Chrono Trigger', 'Ori and the Will of the Wisps']",English
astellkr,['VALORANT'],Japanese
asunaweeb,"['VALORANT', 'Overwatch', 'Counter-Strike: Global Offensive', 'League of Legends']",English
auronplay,"['Just Chatting', 'Minecraft', 'Grand Theft Auto V', 'Rust', 'Among Us']",Spanish
awesamdude,"['Minecraft', 'Just Chatting', 'Pummel Party', 'Monopoly Plus', 'Mario Kart 8 Deluxe']",English
aydan,"['Call of Duty: Warzone', 'Call of Duty: Vanguard', 'Call Of Duty: Modern Warfare', 'Call of Duty: Black Ops Cold War', 'Fortnite']",English
baalzebb,"['League of Legends', 'Just Chatting', 'Tekken 7', 'Skul: The Hero Slayer', 'Inscryption']",Korean
bakzera,"['Garena Free Fire', 'Paladins', 'Back 4 Blood', 'It Takes Two', 'Call of Duty: Warzone']",Portuguese
bang,"['Teamfight Tactics', 'League of Legends']",Korean
bbonge_,"['Just Chatting', 'League of Legends', 'LOST ARK', 'Eternal Return: Black Survival', 'Eternal Return']",Korean
bbonyoss,"['Teamfight Tactics', 'Just Chatting']",Korean
bbyongluv,"['VALORANT', 'Just Chatting', ""PLAYERUNKNOWN'S BATTLEGROUNDS"", 'Valheim', 'New World']",Korean
bebe872,"['Teamfight Tactics', 'Pokémon Unite', 'StarCraft', 'StarCraft: Remastered', 'Pokémon Sword/Shield']",English
benjyfishy,"['Fortnite', 'Rocket League', 'Chess', 'Rust', 'GeoGuessr']",English
berry0314,"['Just Chatting', 'League of Legends', 'Animal Crossing: New Horizons', 'Art', 'Just Dance 2021']",Korean
beryl0202,"['LOST ARK', 'Genshin Impact', 'Honkai Impact 3rd', 'Blue Archive', 'Guardian Tales']",Korean
beyou0728,"['League of Legends', 'Just Chatting', 'Overwatch', 'Eternal Return: Black Survival', 'Teamfight Tactics']",Korean
bgirl_0,"['Just Chatting', 'LOST ARK', 'Minecraft', 'League of Legends', 'Among Us']",Korean
bighead033,"['Escape From Tarkov', 'Just Chatting', 'Apex Legends', 'Back 4 Blood', 'League of Legends']",Korean
biyin_,"['Minecraft', 'Grand Theft Auto V', 'Just Chatting', 'Rust', 'Among Us']",Spanish
bjshaco,"['League of Legends', 'Dungeon Fighter Online', 'LOST ARK', 'Just Chatting', 'DJMAX Respect']",Korean
blinkx_,"['Just Chatting', 'Apex Legends', 'ASMR', 'Final Fantasy XIV Online', 'The Witcher 3: Wild Hunt']",English
bokugaimodesuyo,"['Apex Legends', 'Just Chatting', 'Among Us', 'Minecraft', 'Terraria']",Japanese
borinyam,"['Teamfight Tactics', 'Just Chatting', 'League of Legends', 'LOST ARK', 'StarCraft']",Korean
botezlive,"['Just Chatting', 'Chess', 'VALORANT', 'Poker', 'Among Us']",English
box930205,"['Just Chatting', ""PLAYERUNKNOWN'S BATTLEGROUNDS"", 'The Binding of Isaac: Afterbirth', 'Skul: The Hero Slayer', 'ALTF4']",Korean
boxbox,"['Teamfight Tactics', 'League of Legends', 'Rust', 'Grand Theft Auto V', 'VALORANT']",English
brtt,"['League of Legends', 'Just Chatting', 'Dota 2', 'Age of Empires IV', 'League of Legends: Wild Rift']",Portuguese
buckefps,"['Fortnite', 'Just Chatting', 'Escape From Tarkov', 'GeoGuessr', 'Rust']",English
buddha,"['Grand Theft Auto V', 'Rust', 'Slots', 'VALORANT', 'Poker']",English
byeongbyeongbyeong,"['Just Chatting', 'League of Legends', 'It Takes Two', 'Tabletop Simulator', 'Skul: The Hero Slayer']",Korean
cabochardlol,['League of Legends'],French
caedrel,"['League of Legends', 'Bloons TD 6', 'Divinity: Original Sin II', 'Just Chatting', 'Halo 3']",English
calango,"['Just Chatting', 'osu!', 'Escape From Tarkov', 'Counter-Strike: Global Offensive', 'Dark Souls III']",Portuguese
canna,"['League of Legends', 'PUBG: BATTLEGROUNDS', 'Dungeon Fighter Online', 'Bendy and the Ink Machine', 'Crazy Arcade']",Korean
casimito,"['Just Chatting', 'Sports', 'FIFA 21', 'Grand Theft Auto: San Andreas', 'FIFA 22']",Portuguese
cerross,['League of Legends'],Japanese
ch960116,"['Art', 'Just Chatting', 'Games + Demos', 'PUBG: BATTLEGROUNDS', 'League of Legends']",Korean
chaeriri,"[""Tom Clancy's Rainbow Six Siege"", 'Just Chatting', 'Overwatch', ""PLAYERUNKNOWN'S BATTLEGROUNDS"", 'League of Legends']",Korean
cheezestick58,"['League of Legends', 'StarCraft', 'Twelve Minutes', 'Crab Game', 'PUBG: BATTLEGROUNDS']",Korean
cherrypach,"['Just Chatting', 'League of Legends', 'LOST ARK', 'Music', 'Apex Legends']",Korean
chimin941214,"['League of Legends', 'Just Chatting', 'ARK: Survival Evolved', 'Sekiro: Shadows Die Twice', 'Portal 2']",Korean
chodan_,"['Just Chatting', 'League of Legends', 'Doki Doki Literature Club Plus!', 'Outlast', 'PUBG: BATTLEGROUNDS']",Korean
chy0715,"['Just Chatting', 'League of Legends', 'Apex Legends', 'Fall Guys: Ultimate Knockout', 'Dead by Daylight']",Korean
cidcidoso,"['Just Chatting', 'Counter-Strike: Global Offensive', 'Tabletop RPGs', 'Among Us', 'RPG Adventures']",Portuguese
cloakzy,"['Call of Duty: Warzone', 'Apex Legends', 'Rust', 'VALORANT', 'Escape From Tarkov']",English
clozer_t1,['League of Legends'],Korean
clutch_fii,"['VALORANT', 'Escape From Tarkov', 'Apex Legends', 'Just Chatting', 'Minecraft']",Japanese
collet11,"['Just Chatting', 'Uma Musume Pretty Derby', 'Dungeon Fighter Online', 'League of Legends', 'Diablo II: Resurrected']",Korean
coscu,"['League of Legends', 'Just Chatting', 'Slots', 'New World', 'Special Events']",Spanish
cpt_sama,[],Korean
cr_rion,"['VALORANT', 'Apex Legends', 'Ark: Survival Evolved', 'Music', 'Just Chatting']",Japanese
crylixblooom,"['Apex Legends', 'VALORANT', 'Escape from Tarkov', 'Minecraft', 'Just Chatting']",English
cyr,"['Grand Theft Auto V', 'Just Chatting', 'Rust', 'Sea of Thieves', ""Tom Clancy's Rainbow Six Siege""]",English
d_obby,"['League of Legends', 'StarCraft', 'Just Chatting', 'Escape From Tarkov', 'LOST ARK']",Korean
daiantsuda514,"['Apex Legends', 'FIFA 22', 'Watch Parties']",Japanese
dakchyo,"['LOST ARK', 'Naraka: Bladepoint', 'MapleStory', 'Ni no Kuni: Cross Worlds', 'Odin: Valhalla Rising']",Korean
daltoosh,"['Apex Legends', 'PGA TOUR 2K21', 'Vampire: The Masquerade - Bloodhunt', 'Splitgate', 'Scavengers']",English
darumaisgod,"['VALORANT', ""Tom Clancy's Rainbow Six Siege"", 'Super Smash Bros. Ultimate', 'Pokémon Unite', 'Street Fighter V']",Japanese
dasoku_aniki,"['Apex Legends', 'Just Chatting', 'Talk Shows & Podcasts', 'Food & Drink', ""I'm Only Sleeping""]",Japanese
dda_ju,"['LOST ARK', 'Just Chatting', 'Eternal Return: Black Survival', 'League of Legends', 'Minecraft']",Korean
ddahyoni,"['League of Legends', 'LOST ARK', 'Hearthstone', 'StarCraft', 'Eternal Return: Black Survival']",Korean
ddony1,"['Eternal Return', 'Eternal Return: Black Survival', 'Just Chatting', 'Cookie Run: Kingdom', 'Food & Drink']",Korean
deercheerup,"['Just Chatting', 'Counter-Strike: Global Offensive', 'Watch Parties', 'VALORANT', 'Cuphead']",Portuguese
dep_ow,"['VALORANT', 'Apex Legends']",Japanese
detectiveconan_,['Teamfight Tactics'],Korean
detonator_robin,"['Escape From Tarkov', 'Minecraft', 'VALORANT', 'Apex Legends', 'Just Chatting']",Japanese
dfm_evi_lol,['League of Legends'],Japanese
diegosaurs,"['Apex Legends', 'Just Chatting', 'DOOM Eternal', 'Fallout 4', 'Dead by Daylight']",English
dkdlel801,"['Just Chatting', 'Cookie Run: Kingdom', 'Minecraft', 'Games + Demos', 'Undertale']",Korean
dkwl025,"['Just Chatting', 'Minecraft', 'Games + Demos', 'Talk Shows & Podcasts', ""PLAYERUNKNOWN'S BATTLEGROUNDS""]",Korean
dltjdwls5507,"['League of Legends', 'Just Chatting', 'Travel & Outdoors']",Korean
dmf_kyochan,"['Apex Legends', 'Escape From Tarkov', 'VALORANT', 'Ark: Survival Evolved', 'Just Chatting']",Japanese
dmglgl78,"['League of Legends', 'Sudden Attack', 'Overwatch']",Korean
dogdog,"['Hearthstone', 'Teamfight Tactics', 'Slay the Spire', 'VALORANT', 'Just Chatting']",English
doigby,"['Minecraft', 'Fortnite', 'League of Legends', 'Just Chatting', 'Mario Kart 8']",French
dopa24,"['League of Legends', 'StarCraft', 'Just Chatting', 'Games + Demos']",Korean
doublelift,"['League of Legends', 'New World', 'Path of Exile', 'VALORANT', 'World of Warcraft']",English
dreamingyume,"['Just Chatting', 'Minecraft', 'Music', 'League of Legends', ""I'm Only Sleeping""]",Korean
dreamwastaken,['Minecraft'],English
drlee_kor,"['World of Warcraft', 'Path of Exile', 'Diablo II: Resurrected', 'Diablo II', 'League of Legends']",Korean
dropped,"['Apex Legends', 'It Takes Two', 'Battlefield 4', 'Fall Guys: Ultimate Knockout', 'Little Nightmares']",English
drututt,"['League of Legends', 'The Binding of Isaac: Afterbirth', 'Call of Duty: Warzone', 'Call of Duty: Black Ops Cold War', 'Raid: Shadow Legends']",English
dtn_mukai,"['Apex Legends', 'VALORANT', 'Just Chatting', 'Pokémon Unite', 'Overwatch']",Japanese
dua3362,"['LOST ARK', 'Just Chatting', 'Eternal Return: Black Survival', 'League of Legends', 'Stardew Valley']",Korean
dunizuni,"['Teamfight Tactics', 'Just Chatting', ""PLAYERUNKNOWN'S BATTLEGROUNDS"", 'Legion TD 2', 'StarCraft']",Korean
dunkstream,"['Guilty Gear: Strive', 'Just Chatting', 'Donkey Kong 64', 'It Takes Two', 'Resident Evil']",English
dzukill,['League of Legends'],English
e_saem,"['Just Chatting', 'LOST ARK', 'Danganronpa 2: Goodbye Despair', ""PLAYERUNKNOWN'S BATTLEGROUNDS"", 'Danganronpa Another Episode: Ultra Despair Girls']",Korean
edward2065,"['The Escapists', 'Oxygen Not Included', 'Just Chatting', 'Reventure', 'Poly Bridge 2']",Korean
effort,[],Korean
elded,"['Call of Duty: Warzone', 'ARK: Survival Evolved', 'Just Chatting', 'Minecraft', ""Tom Clancy's Rainbow Six Siege""]",Spanish
emiru,"['League of Legends', 'Just Chatting', 'Super Mario 64', 'Eternal Return: Black Survival', 'Eternal Return']",English
erenjjing,"['Just Chatting', 'Dungeon Fighter Online', 'League of Legends', 'Press Ctrl', 'Royal Crown']",Korean
esstree,"['Minecraft', 'Just Chatting', 'League of Legends', 'Teamfight Tactics', 'Pokémon Sword/Shield']",Korean
euriece,"['Apex Legends', 'Just Chatting', 'VALORANT', 'Rust', 'Food & Drink']",English
faide,"['Apex Legends', 'DayZ', 'Slither.io']",English
faker,"['League of Legends', 'StarCraft', 'Jump King']",Korean
fantabobshow,"['Pathfinder: Kingmaker', 'Immortals Fenyx Rising', 'Starsector', 'Special Events', 'Talk Shows & Podcasts']",French
fer,"['Counter-Strike: Global Offensive', 'Bloons TD 6', 'Just Chatting', 'F1 2020', 'It Takes Two']",Portuguese
fgcounter,"['Just Chatting', 'Minecraft', 'Fall Guys: Ultimate Knockout', 'Jump King', 'DJMAX Respect']",Korean
flamekr,"['League of Legends', 'LOST ARK', 'StarCraft', 'Just Chatting', 'Tekken 7']",Korean
flowergam0326,"['Music', 'Just Chatting', 'VALORANT', 'Apex Legends', 'Eternal Return: Black Survival']",Korean
flowervin,"['Just Chatting', 'LOST ARK', 'Overwatch', ""Don't Starve Together"", 'StarCraft']",Korean
flurry1989,"['Hearthstone', 'LOST ARK', 'StarCraft', 'Super Mario Maker 2', 'League of Legends']",Korean
fnxLNTC,"['Counter-Strike: Global Offensive', 'VALORANT', 'Just Chatting', 'Poker', 'Watch Parties']",Portuguese
forever,"['Minecraft', 'Just Chatting', 'Chess.com']",Portuguese
forsen,"['Minecraft', 'Just Chatting', 'Grand Theft Auto V', 'Counter-Strike: Global Offensive', 'Jump King']",English
fps_shaka,"['Escape From Tarkov', 'Apex Legends', 'VALORANT', 'Among Us', 'Minecraft']",Japanese
fr_zod,"['Apex Legends', 'Just Chatting', 'Call of Duty: Warzone', 'ALTF4', 'Road 96']",French
frozen2065,"['League of Legends', 'Just Chatting', 'League of Legends: Wild Rift', 'Pokémon Unite', 'Phasmophobia']",Korean
fuslie,"['VALORANT', 'Just Chatting', 'Grand Theft Auto V', 'Rust', 'Among Us']",English
gafallen,"['Counter-Strike: Global Offensive', 'Dota 2', 'PUBG Mobile', 'Standoff 2', 'Fortnite']",Portuguese
gemaxgema,[],Japanese
genburten,"['Apex Legends', 'Battlefield 2042', 'Battlefield V', 'Rocket League', 'VALORANT']",English
gent,"['Apex Legends', 'PGA TOUR 2K21', 'Resident Evil Village', 'World of Warships', 'Valheim']",English
ggumong,"['Just Chatting', 'Animal Crossing: New Horizons', 'Minecraft', 'MapleStory', 'Super Mario Party']",Korean
gjtn9664,"['League of Legends', 'LOST ARK', 'Just Chatting', 'StarCraft', 'Outlast']",Korean
gongparipa,"['Just Chatting', 'Eternal Return: Black Survival', 'League of Legends', 'StarCraft', 'Overwatch']",Korean
gosegugosegu,"['Just Chatting', 'VRChat', 'Minecraft', 'Twelve Minutes', 'Novena Diabolos']",Korean
gotaga,"['Call of Duty: Warzone', 'Apex Legends', 'FIFA 22', 'Teamfight Tactics', 'Pokémon Emerald']",French
gratis150ml,"['League of Legends', 'Teamfight Tactics', 'Just Chatting', 'New World', 'Valheim']",Portuguese
guilty1223,"['Apex Legends', 'Escape From Tarkov', 'Kingdom Hearts HD 1.5 + 2.5 ReMIX', 'Minecraft', 'Ark: Survival Evolved']",Japanese
gumayusi,"['League of Legends', 'StarCraft', 'Teamfight Tactics', 'Twelve Minutes', 'Poppy Playtime']",Korean
gutitubo,"['Minecraft', 'Rocket League', 'Among Us', 'Just Chatting', 'Apex Legends']",Japanese
h0270,"[""PLAYERUNKNOWN'S BATTLEGROUNDS"", 'Among Us', 'Super People', 'Just Chatting', 'Games + Demos']",Korean
h3h3productions,"['Just Chatting', 'Half-Life: Alyx', 'Talk Shows & Podcasts']",English
h920103,"['LOST ARK', 'Just Chatting', 'League of Legends', 'Eternal Return: Black Survival', 'VALORANT']",Korean
hair_yeonhwa,"['LOST ARK', 'Just Chatting', 'Tekken 7', 'Resident Evil: Revelations', 'Forza Horizon 4']",Korean
handongsuk,"['LOST ARK', 'League of Legends', 'Teamfight Tactics', 'Just Chatting', 'Project Zomboid']",Korean
hanjoudesu,"['Apex Legends', 'Lost Egg 2: Be together', 'Call of Duty: Black Ops Cold War', 'Idol Manager', 'Undertale']",Japanese
hannahxxrose,"['Minecraft', 'Pummel Party', 'Just Chatting', 'Fortnite', 'Roblox']",English
hanryang1125,"['Escape From Tarkov', 'Just Chatting', 'League of Legends', 'Diablo II: Resurrected', 'Dead by Daylight']",Korean
hanssama,"['League of Legends', 'Genshin Impact']",English
he0901,"['League of Legends', 'Just Chatting', 'LOST ARK', 'Eternal Return: Black Survival', 'Sudden Attack']",Korean
heavenly_narin,"['Teamfight Tactics', 'League of Legends', 'Just Chatting', 'Gartic Phone', 'Raft']",Korean
hejin0_0,"['League of Legends', 'Just Chatting', 'Genshin Impact', 'Eternal Return: Black Survival', 'Teamfight Tactics']",Korean
heyst1000,"['League of Legends', 'Just Chatting', 'LOST ARK', 'MapleStory', 'Kageroh: Shadow Corridor']",Korean
hiswattson,['Apex Legends'],English
hm716,"['League of Legends', 'Just Chatting', 'Games + Demos', 'Stardew Valley', 'Miitopia']",Korean
holonsc2,"['Among Us', 'Minecraft', 'Pogostuck: Rage With Your Friends', 'Dead by Daylight', 'Just Chatting']",Japanese
hongja1027,"['Just Chatting', 'LOST ARK', 'League of Legends', 'Apex Legends', 'Eternal Return: Black Survival']",Korean
hptgrm,"['Minecraft', 'Just Chatting', 'Games + Demos', 'Terraria', 'Game Builder Garage']",Korean
hwkang2,"['LOST ARK', 'League of Legends', 'Tekken 7', 'Just Chatting', 'StarCraft']",Korean
hyeondini,"['League of Legends', 'Teamfight Tactics', 'Just Chatting', 'Music', 'Raft']",Korean
iam_xq,"['VALORANT', 'Just Chatting', 'Battlefield 2042', 'Apex Legends', 'Naraka: Bladepoint']",Japanese
ibai,"['Just Chatting', 'Minecraft', 'Sports', 'League of Legends', 'Grand Theft Auto V']",Spanish
iiTzTimmy,"['Apex Legends', 'VALORANT', 'Rust', 'Escape From Tarkov', ""Tom Clancy's Rainbow Six Siege""]",English
iitztimmy,"['Apex Legends', 'VALORANT', 'Rust', 'Escape From Tarkov', 'Counter-Strike: Global Offensive']",English
ikeepittaco,"['League of Legends', 'Eternal Return', 'Alien: Isolation', 'Eternal Return: Black Survival', 'It Takes Two']",English
im_slpx,"['Apex Legends', 'Dead by Daylight', 'Among Us', 'Just Chatting', 'Phasmophobia']",Japanese
inecr7024,"['League of Legends', 'LOST ARK', 'Just Chatting', 'Sudden Attack', 'Tekken 7']",Korean
inoxtag,"['Special Events', 'Just Chatting', 'Minecraft', 'FIFA 21', 'Z1: Battle Royale']",French
insec13,"['League of Legends', 'LOST ARK', 'Teamfight Tactics', 'World of Warcraft', 'Dungeon Fighter Online']",Korean
iq200yukaf,['Apex Legends'],Japanese
ironmouse,"['Just Chatting', 'Minecraft', 'Resident Evil Village', 'Resident Evil 7 biohazard', 'Resident Evil 5']",English
itsHafu,"['VALORANT', 'Among Us', 'Hearthstone', 'Just Chatting', 'Minecraft']",English
itsRyanHiga,"['Just Chatting', 'VALORANT', 'Rust', 'Minecraft', 'Valorant']",English
itsmejanna,"['Just Chatting', 'League of Legends', 'LOST ARK', 'Eternal Return: Black Survival', 'Diablo II: Resurrected']",Korean
j1nu6734,[],Korean
jacksepticeye,"['Rust', 'Among Us', 'VALORANT', 'Minecraft', 'It Takes Two']",English
jaewon4915,"['Just Chatting', 'League of Legends', 'Overwatch', 'Games + Demos', ""PLAYERUNKNOWN'S BATTLEGROUNDS""]",Korean
jankos,"['League of Legends', 'Resident Evil Village', 'Visage', 'Back 4 Blood', 'Resident Evil 7 biohazard']",English
jasper7se,"['VALORANT', 'Escape From Tarkov', 'Apex Legends', 'Just Chatting', 'League of Legends']",Japanese
jcw970,"['League of Legends', 'LOST ARK', 'Just Chatting', 'Pokémon Unite', 'Warcraft III']",Korean
jdm2088,"['Minecraft', 'League of Legends', 'LOST ARK', 'Just Chatting', 'Gran Saga']",Korean
jean_mago,"['League of Legends', 'VALORANT', 'Gang Beasts', 'Just Chatting', 'Realm Royale']",Portuguese
jingburger,"['Just Chatting', 'VRChat', 'Music', 'League of Legends', 'Minecraft']",Korean
jinjalim,"['Just Chatting', 'Elsword', 'Tales Runner', 'Minecraft', 'Grand Theft Auto V']",Korean
jinu6734,"['Just Chatting', 'League of Legends', ""PLAYERUNKNOWN'S BATTLEGROUNDS"", 'LOST ARK', 'Minecraft']",Korean
jiudau,"['LOST ARK', 'League of Legends', 'Escape From Tarkov', 'Minecraft', 'Battlefield V']",Korean
jlamaru,"['Just Chatting', 'League of Legends', 'Grand Theft Auto V', 'Rocket League', 'VALORANT']",French
jltomy,"['Grand Theft Auto V', 'League of Legends', 'Just Chatting', 'Rust', 'Special Events']",French
johnny3047258,"['LOST ARK', 'MapleStory']",Korean
johnwolfe,"['Dead by Daylight', 'Just Chatting', 'Hunt: Showdown', 'Stardew Valley', 'Resident Evil Village']",English
jovirone,"['League of Legends', 'New World', 'Dragon Ball FighterZ', 'Just Chatting', 'Bloodborne']",Portuguese
jschlatt,[],English
ju10506,"['Just Chatting', ""PLAYERUNKNOWN'S BATTLEGROUNDS"", 'League of Legends', 'Dead by Daylight', ""Tom Clancy's Rainbow Six Siege""]",Korean
juansguarnizo,"['Just Chatting', 'Grand Theft Auto V', 'Minecraft', 'Rust', 'Call of Duty: Warzone']",Spanish
jukes,"['League of Legends', 'Just Chatting', 'Teamfight Tactics', 'Tibia', 'World of Warcraft']",Portuguese
julien,"['Dead by Daylight', 'Just Chatting', 'Valheim', ""PLAYERUNKNOWN'S BATTLEGROUNDS"", 'Fall Guys: Ultimate Knockout']",English
jungryeok,"['Just Chatting', 'League of Legends', 'VALORANT', 'Teamfight Tactics', 'Skul: The Hero Slayer']",Korean
junior27015,"['VALORANT', 'F1 2021', 'Art', 'Food & Drink']",Japanese
junsst,"['Teamfight Tactics', 'Just Chatting', 'League of Legends', 'Legion TD 2', 'Little Nightmares II']",Korean
k1ng,"['Fortnite', 'Counter-Strike: Global Offensive', 'Call of Duty: Warzone', 'Just Chatting', 'Special Events']",Spanish
k3soju,"['Teamfight Tactics', 'League of Legends', 'VALORANT', 'Legends of Runeterra', 'Eternal Return: Black Survival']",English
k4sen,"['Apex Legends', 'VALORANT', 'Winning Post 9: 2021', 'League of Legends', 'Talk Shows & Podcasts']",Japanese
kaito_hoso,['Just Chatting'],Korean
kanae_2434,"['VALORANT', 'Apex Legends', 'Eternal Return: Black Survival', ""Conqueror's Blade"", 'Valheim']",Japanese
kanetv8,"['Just Chatting', 'Jump King', 'Games + Demos', 'Catherine', 'ALTF4']",Korean
karasmai,"['League of Legends', 'Poker', 'Phasmophobia', 'Raid: Shadow Legends', ""Garry's Mod""]",English
karchez,"['Grand Theft Auto V', 'Just Chatting', 'Minecraft', 'Fall Guys: Ultimate Knockout', 'ROBLOX']",Spanish
karljacobs,"['Minecraft', 'Jackbox Party Packs', 'Just Chatting', 'Roblox', 'Gang Beasts']",English
karlnetwork,"['Gang Beasts', 'Golf With Your Friends', 'Just Chatting', 'Minecraft', 'Psychonauts 2']",English
kato1126,"['LOST ARK', 'Just Chatting', 'League of Legends', 'To the Moon', 'Poppy Playtime']",Korean
kato_junichi0817,"['Apex Legends', 'Dark Souls III', 'Ark: Survival Evolved', 'eBaseball Powerful Pro Yakyuu 2020', ""PLAYERUNKNOWN'S BATTLEGROUNDS""]",Japanese
kawashima_of_legend,['League of Legends'],Japanese
keanelol,"['Teamfight Tactics', 'League of Legends', 'Auto Chess', 'Raid: Shadow Legends', 'Castlehold']",English
kennyS,"['Counter-Strike: Global Offensive', 'VALORANT', 'Call of Duty: Warzone', 'Aim Lab', 'Pummel Party']",English
killin9hit,"['Apex Legends', 'Escape From Tarkov', 'Just Chatting', 'VALORANT', 'Resident Evil Village']",Japanese
kimchi5863,[],Korean
kimddolbok,"['LOST ARK', 'Project Zomboid', 'League of Legends', 'Escape From Tarkov', 'Diablo II: Resurrected']",Korean
kimdduddi,"['League of Legends', 'LOST ARK', 'Just Chatting', 'Eternal Return: Black Survival', ""PLAYERUNKNOWN'S BATTLEGROUNDS""]",Korean
kimdoe,"['League of Legends', 'Apex Legends', 'Food & Drink', 'Dead by Daylight', 'The Legend of Zelda: Breath of the Wild']",Korean
kimgapju,"['League of Legends', 'Just Chatting', 'StarCraft', 'Frostpunk', 'Twelve Minutes']",Korean
kimnamsoon,"['League of Legends', 'Just Chatting', 'Minecraft', 'VALORANT', ""Tom Clancy's Rainbow Six Siege""]",Korean
kkoma,['League of Legends'],Korean
komanche,"['Just Chatting', 'Grand Theft Auto V', 'Minecraft', 'Fortnite', 'Call of Duty: Warzone']",Spanish
korpick2,"['Teamfight Tactics', 'League of Legends', 'Diablo II: Resurrected', 'Just Chatting', 'The Evil Within']",Korean
kranichhs,"['Hearthstone', 'Magic: The Gathering', 'Outlast', 'Just Chatting', 'StarCraft']",Korean
krbobae,"['Teamfight Tactics', 'League of Legends', 'Just Chatting']",Korean
kuiki771,"['Just Chatting', 'League of Legends', ""PLAYERUNKNOWN'S BATTLEGROUNDS"", 'Minecraft', 'LOST ARK']",Korean
kumikomii,"['Just Chatting', 'LOST ARK', 'Minecraft', 'Music', 'Project Zomboid']",Korean
laurebv,['Just Chatting'],French
lazmall,"['League of Legends', 'Just Chatting', ""Don't Starve Together"", 'VALORANT', 'Going Medieval']",Japanese
lazvell,"['VALORANT', 'Apex Legends', 'Dark Souls', 'Just Chatting', 'Watch Parties']",Japanese
lck,['League of Legends'],English
lck_korea,"['League of Legends', 'League of Legends: Wild Rift']",Korean
lcs,['League of Legends'],English
lec,['League of Legends'],English
lec_wooloo,['League of Legends'],English
leechunhyang,"['Just Chatting', 'League of Legends', 'LOST ARK', ""PLAYERUNKNOWN'S BATTLEGROUNDS"", 'Eternal Return: Black Survival']",Korean
lestream,"['Just Chatting', 'Special Events', 'Board Games', 'Food & Drink', 'Travel & Outdoors']",French
lilpaaaaaa,"['Just Chatting', 'Minecraft', 'Sea of Thieves', 'Inscryption', 'League of Legends']",Korean
lilypichu,"['VALORANT', 'League of Legends', 'Just Chatting', 'Gartic Phone', 'Art']",English
liminhag0d,"['Counter-Strike: Global Offensive', 'Just Chatting', 'GeoGuessr', 'VALORANT', 'War by Grow Games']",Portuguese
liok0485,"['League of Legends', 'Art', 'Minecraft', 'Eternal Return: Black Survival', 'LOST ARK']",Korean
lita282,"['Just Chatting', 'Grand Theft Auto V', 'VALORANT', 'Minecraft', 'League of Legends']",Korean
littlebigwhale,"['Just Chatting', ""PLAYERUNKNOWN'S BATTLEGROUNDS"", 'Apex Legends', 'Special Events', 'Hollow Knight']",French
ljh0328,"['Teamfight Tactics', 'LOST ARK', 'League of Legends', 'Just Chatting', 'StarCraft']",Korean
lllllamar,"['LOST ARK', 'Lost Ark Online', 'Just Chatting', 'Teamfight Tactics', 'Agrou']",Korean
lol_ambition,"['League of Legends', 'Just Chatting', 'StarCraft']",Korean
lol_cuvee,"['League of Legends', 'DJMAX Respect', 'Danganronpa 2: Goodbye Despair', 'Genshin Impact', 'Hollow Knight']",Korean
lol_khan,['League of Legends'],Korean
lol_nemesis,"['League of Legends', 'Just Chatting', 'VALORANT', 'Resident Evil Village', 'SOMA']",English
lol_peanut,"['League of Legends', 'Red Dead Redemption 2', 'Dungeon Fighter Online', 'Just Chatting']",Korean
lol_woolf,"['League of Legends', 'LOST ARK', 'Genshin Impact', 'StarCraft', 'Just Chatting']",Korean
loltyler1,"['League of Legends', 'Fitness & Health', 'Resident Evil Village', 'VALORANT', 'Just Chatting']",English
looksam,"['LOST ARK', 'League of Legends', 'StarCraft', 'Hearthstone', 'Just Chatting']",Korean
lotear0709,"['Just Chatting', 'Eternal Return', 'Eternal Return: Black Survival', 'Minecraft', 'Human: Fall Flat']",Korean
loud_babi,"['Garena Free Fire', 'Grand Theft Auto V', 'Just Chatting', 'Resident Evil Village', '8 Ball Pool']",Portuguese
loud_bradoock,"['Garena Free Fire', 'FIFA 21', 'Just Chatting', 'Call of Duty: Warzone', 'League of Legends']",Portuguese
loud_coringa,"['Grand Theft Auto V', 'Just Chatting', 'Counter-Strike: Global Offensive', 'Garena Free Fire', 'Special Events']",Portuguese
loud_crusher,"['Garena Free Fire', 'Just Chatting', 'Among Us', '8 Ball Pool', 'garena free fire']",Portuguese
loud_mob,"['Garena Free Fire', 'Just Chatting', 'Grand Theft Auto V', 'FIFA 21', 'FIFA 20']",Portuguese
loud_thaiga,"['Just Chatting', 'League of Legends', 'Garena Free Fire', 'Call of Duty: Mobile', 'Grand Theft Auto V']",Portuguese
loud_thurzin,"['Garena Free Fire', 'Grand Theft Auto V', 'Counter-Strike: Global Offensive', 'Pummel Party', 'Just Chatting']",Portuguese
loud_voltan,"['Garena Free Fire', 'Just Chatting', 'Grand Theft Auto V', '8 Ball Pool', 'Little Nightmares II']",Portuguese
lovelyyeon,"['Just Chatting', 'League of Legends', 'LOST ARK', 'Lost Judgment', 'Games + Demos']",Korean
lpl,"['League of Legends', 'Teamfight Tactics']",English
lubatv,"['Just Chatting', 'Dark Souls', 'World of Warcraft', 'Pokémon Unite', 'Pokémon FireRed/LeafGreen']",Portuguese
ludwig,"['Just Chatting', 'VALORANT', 'Pokémon Platinum', 'Chess', 'Rust']",English
lululuvely,"['Apex Legends', 'Rust', 'Overwatch', 'Call of Duty: Warzone', 'VALORANT']",English
lyj0729,"['Dungeon Fighter Online', 'LOST ARK', 'League of Legends', 'Just Chatting', 'StarCraft']",Korean
ma_mwa,"['Just Chatting', 'League of Legends', 'Minecraft', 'Music', 'LOST ARK']",Korean
magenta62,"['Just Chatting', 'Minecraft', ""PLAYERUNKNOWN'S BATTLEGROUNDS"", 'Games + Demos', 'Dead by Daylight']",Korean
makiba7,"['VALORANT', 'Counter-Strike: Global Offensive', 'Naraka: Bladepoint', 'Among Us']",Japanese
makiymagi,"['Just Chatting', 'Minecraft', 'Music', 'Brain Meltdown - Into Despair', 'Overcooked! 2']",Korean
mamabenjyfishy1,['Fortnite'],English
mande,"['Apex Legends', 'Just Chatting', 'just chatting', 'Dark Souls III', 'Sekiro: Shadows Die Twice']",English
maoruya,"['Just Chatting', 'League of Legends', 'Apex Legends', 'Minecraft', 'SOMA']",Korean
marexlol,"['League of Legends', 'The Binding of Isaac: Afterbirth', 'Path of Exile', 'Darkest Dungeon', 'Among Us']",French
meiy_vl,"['VALORANT', 'Apex Legends', 'Just Chatting', 'Fortnite', 'PUBG: BATTLEGROUNDS']",Japanese
melina,"['Just Chatting', 'Pools, Hot Tubs, and Beaches', 'Just Dance', 'Raid: Shadow Legends']",English
meongsoon,"['Teamfight Tactics', 'Just Chatting', 'Tekken 7', 'League of Legends']",Korean
meowko,"['Just Chatting', 'Yakuza 0', 'Pools, Hot Tubs, and Beaches', ""I'm Only Sleeping"", 'Beat Saber']",English
michaelreeves,"['Minecraft', 'Splitgate', 'VALORANT', 'Science & Technology']",English
michou_twitch,['Minecraft'],French
midbeast,"['League of Legends', 'Apex Legends', 'Auto Chess', 'Raid: Shadow Legends', 'Knockout City']",English
midong1030,"['Just Chatting', 'League of Legends', 'Tekken 7', 'StarCraft II', 'Sudden Attack']",Korean
mister903,"['Art', 'Just Chatting', 'Genshin Impact', 'League of Legends', 'Dungeon Fighter Online']",Korean
mistermv,"['The Binding of Isaac: Afterbirth', 'Special Events', 'FIFA 21', 'Hearthstone', 'Teamfight Tactics']",French
miya728,"['LOST ARK', 'Just Chatting', 'Miitopia', 'Teamfight Tactics', 'Minecraft']",Korean
mizkif,"['Just Chatting', 'Super Mario 64', 'League of Legends', 'Rust', 'Jump King']",English
mlchoins,"['MapleStory', 'LOST ARK', 'League of Legends', 'Sudden Attack', 'Minecraft']",Korean
mmafu_,"['Apex Legends', 'VALORANT', 'Just Chatting', 'Art', ""PLAYERUNKNOWN'S BATTLEGROUNDS""]",Japanese
mmange2,"['Just Chatting', 'VALORANT', 'League of Legends', 'Games + Demos', 'Apex Legends']",Korean
moistcr1tikal,"['Just Chatting', 'Super Smash Bros. Ultimate', 'Rust', 'Grand Theft Auto V', 'Pokémon Unite']",English
mokouliszt1,"['Apex Legends', 'Shadowverse', 'Watch Parties', 'Pokémon Unite', 'Mahjong Soul']",Japanese
mondo23,[],Korean
mother3rd,"['VALORANT', 'League of Legends', 'Minecraft', 'Just Chatting', 'Overwatch']",Japanese
mount,"['Grand Theft Auto V', 'Just Chatting', 'Counter-Strike: Global Offensive', 'Bloons TD 6', 'Minecraft']",Portuguese
mrstiventc,"['Garena Free Fire', 'Call of Duty: Warzone', 'Operation 7', 'Minecraft', 'Grand Theft Auto V']",Spanish
msmsms213,"['Just Chatting', 'Minecraft', 'Cookie Run: Kingdom', '7 Days to Die', 'Pokémon Black/White Version 2']",Korean
myth,"['VALORANT', 'Rust', 'Apex Legends', 'Call of Duty: Warzone', 'Halo Infinite']",English
nafengg,"['Apex Legends', 'VALORANT', 'It Takes Two', 'Vampire: The Masquerade - Bloodhunt', 'Pummel Party']",English
nagisatty,"['League of Legends', 'Among Us', 'Apex Legends', 'Resident Evil 5', 'Little Nightmares II']",Japanese
nanajam777,"['Just Chatting', 'League of Legends', 'StarCraft', 'Grand Theft Auto V', 'Eternal Return: Black Survival']",Korean
nanayango3o,"['Just Chatting', ""PLAYERUNKNOWN'S BATTLEGROUNDS"", 'League of Legends', 'Minecraft', 'Escape From Tarkov']",Korean
nangodof,['Just Chatting'],Korean
naruserin309,"['Eternal Return: Black Survival', 'Eternal Return', 'Just Chatting', 'League of Legends', 'Pokémon Unite']",Japanese
natalan,"['Just Chatting', 'Minecraft', 'ROBLOX', 'Grand Theft Auto V', 'Games + Demos']",Spanish
nats,['VALORANT'],English
necklet880707,"['League of Legends', 'LOST ARK', 'StarCraft', 'Teamfight Tactics', 'Just Chatting']",Korean
neymarjr,"['Fortnite', 'Call of Duty: Warzone', 'Poker', 'Counter-Strike: Global Offensive']",Portuguese
nicewigg,"['Apex Legends', 'VALORANT', 'It Takes Two', 'Just Chatting', 'Minecraft']",English
nickmercs,"['Call of Duty: Warzone', 'Apex Legends', 'Fortnite', 'Fitness & Health', 'Sports']",English
nimbleneuron,"['Eternal Return: Black Survival', 'Eternal Return', 'Visage']",English
ninja,"['League of Legends', 'VALORANT', 'Final Fantasy XI', 'Fortnite', 'Apex Legends']",English
nisqyy,"['League of Legends', 'Teamfight Tactics', 'Crab Game']",French
nl_Kripp,"['Hearthstone', 'Path of Exile', 'Diablo II: Resurrected', 'Legion TD 2', 'Poker']",English
nlmiso95,"['Just Chatting', 'League of Legends', 'StarCraft', 'Danganronpa V3: Killing Harmony', 'Danganronpa 2: Goodbye Despair']",Korean
nnabi,"['Just Chatting', 'StarCraft', 'StarCraft II', 'Bloodborne', 'League of Legends']",Korean
nniru,"['Apex Legends', 'VALORANT', 'Minecraft', 'Phasmophobia', 'Just Chatting']",Japanese
noahreyli,"['Fortnite', 'League of Legends', 'KovaaK 2.0', ""KovaaK's FPS Aim Trainer"", 'Just Chatting']",German
nodolly,"['LOST ARK', 'MapleStory', 'Just Chatting', 'Diablo II: Resurrected', 'Teamfight Tactics']",Korean
noelmiller,"['Just Chatting', 'The Walking Dead: Season Two', 'The Walking Dead: A New Frontier', 'HITMAN 3', 'Little Nightmares']",English
noizemasta,"['Hearthstone', 'Just Chatting', 'For The King', 'Diablo II: Resurrected', 'The Dark Pictures Anthology: Little Hope']",Korean
nokduro,"['Spelunky 2', 'Super Mario Maker 2', 'Monster Hunter Rise', 'Project Zomboid', 'Diablo II: Resurrected']",Korean
nokokopuffs,"['Apex Legends', 'VALORANT', 'Just Chatting', 'Rust', 'League of Legends']",English
nrg_daequan,[],English
nrg_hamlinz,"['Just Chatting', 'Apex Legends', 'Fortnite', 'Grand Theft Auto V', 'Dead by Daylight']",English
nubulswamp,"['Just Chatting', 'VALORANT', 'Minecraft', 'League of Legends', 'Music']",Korean
nuclear220,"['League of Legends', 'LOST ARK', 'StarCraft', 'Sudden Attack', 'Tekken 7']",Korean
nyanners,"['Just Chatting', 'Final Fantasy X HD Remaster', 'Minecraft', 'Bloodborne', 'VRChat']",English
obly99,"['Apex Legends', 'VALORANT', 'Battlefield V', 'PUBG: BATTLEGROUNDS', 'Just Chatting']",Korean
obm1025,"['Just Chatting', 'Food & Drink', 'League of Legends', 'LOST ARK', 'Travel & Outdoors']",Korean
ok_ja,"['Just Chatting', 'League of Legends', 'LOST ARK', 'StarCraft', 'StarCraft II']",Korean
omgvodka,"['Apex Legends', ""PLAYERUNKNOWN'S BATTLEBOXES"", 'Call of Duty: Vanguard', 'God Field', 'Monster Hunter Rise']",Japanese
oni_is_soto_,"['Eternal Return: Black Survival', 'Eternal Return', 'League of Legends', 'Just Chatting', 'Mahjong Soul']",Japanese
oniyadayo,"['Apex Legends', 'Call of Duty: Black Ops Cold War', 'Super Smash Bros. Ultimate', 'Just Chatting', 'PUBG: BATTLEGROUNDS']",Japanese
ooenotakayuki,"['Apex Legends', 'Minecraft', 'Pokémon Unite', 'Talk Shows & Podcasts', 'Splatoon 2']",Japanese
ops1x,"['Fortnite', 'Just Chatting', 'Slots', 'The Movies', 'Casino']",English
osamintinus3sei,"['Apex Legends', 'Getting Over It', 'Just Chatting', 'Among Us', 'Back 4 Blood']",Japanese
otplol_,"['League of Legends', 'Tabletop RPGs', 'Just Chatting']",French
otzdarva,"['Dead by Daylight', 'Darkest Dungeon II', 'Resident Evil Village', 'Dark Souls II', 'Chess']",English
ow_pepper,"['VALORANT', 'Escape from Tarkov', 'osu!', 'Apex Legends', 'Resident Evil Village']",Japanese
pacific8815,"['Just Chatting', 'League of Legends', 'StarCraft', 'Tekken 7', 'LOST ARK']",Korean
paka9999,"['League of Legends', 'StarCraft', 'LOST ARK', 'Just Chatting', 'Teamfight Tactics']",Korean
parkjand,"['Just Chatting', 'League of Legends', 'Apex Legends', 'Diablo II: Resurrected', 'Eternal Return: Black Survival']",Korean
paulanobre,"['VALORANT', 'Just Chatting', 'Watch Parties', 'Counter-Strike: Global Offensive', 'It Takes Two']",Portuguese
penyo_,"['Just Chatting', 'VALORANT', 'Escape From Tarkov', 'Final Fantasy XIV Online', ""PLAYERUNKNOWN'S BATTLEGROUNDS""]",Japanese
peterparkTV,"['Just Chatting', 'Among Us', 'VALORANT', 'Rust', 'Minecraft']",English
pgod,"['Fortnite', 'Just Chatting', 'Dota 2', 'KovaaK 2.0', 'Overcooked! 2']",Spanish
pianocatvr,"['VRChat', 'LOST ARK', 'It Takes Two', 'League of Legends', 'Escape From Tarkov']",Korean
pijack11,"['League of Legends', 'Genshin Impact', 'Just Chatting', 'Tribes of Midgard', 'Raid: Shadow Legends']",Portuguese
pikra10,"['League of Legends', 'Just Chatting', 'Teamfight Tactics', 'Warcraft III', 'StarCraft']",Korean
pimpimenta,"['League of Legends', 'New World', 'VALORANT', 'Eternal Return', 'Age of Empires IV']",Portuguese
pjs9073,"['LOST ARK', 'Just Chatting', 'League of Legends', 'Minecraft', 'Skul: The Hero Slayer']",Korean
playapex,['Apex Legends'],English
pokimane,"['VALORANT', 'Just Chatting', 'Rust', 'Among Us', 'Minecraft']",English
ponce,"['Just Chatting', 'Mario Kart 8', 'FIFA 21', 'Rocket League', 'Super Mario Odyssey']",French
popo,"['Just Chatting', 'League of Legends', 'Grand Theft Auto V', 'Travel & Outdoors', 'The Walking Dead: Season One']",Polish
portialyn,"['Hearthstone', 'LOST ARK', 'League of Legends', 'Teamfight Tactics', 'Talk Shows & Podcasts']",Korean
projektmelody,"['Just Chatting', 'Art', 'Keep Talking and Nobody Explodes', 'VRChat', 'Jackbox Party Packs']",English
pyosixs,"['League of Legends', 'Just Chatting']",Korean
pzzzang3,['League of Legends'],Korean
qcnb123,"['League of Legends', 'Among Us']",Korean
qq102qq,"['League of Legends', 'Just Chatting', 'StarCraft', 'Sudden Attack', 'Fall Guys: Ultimate Knockout']",Korean
quanhaha79,['League of Legends'],Korean
qufl0,['League of Legends'],Korean
raderaderader,"['Apex Legends', 'Minecraft', 'Just Chatting', 'Among Us', 'Overwatch']",Japanese
radersub,[],Japanese
radiyu,"['Just Chatting', 'Music', ""PLAYERUNKNOWN'S BATTLEGROUNDS"", 'The Binding of Isaac: Repentance', 'ALTF4']",Korean
rainblue37,"[""PLAYERUNKNOWN'S BATTLEGROUNDS"", 'Just Chatting', ""PLAYERUNKNOWN'S BATTLEGROUNDS"", 'LOST ARK', 'It Takes Two']",Korean
ranboobutnot,"['Minecraft', 'Just Chatting', 'Splitgate', 'Slime Rancher', 'PowerWash Simulator']",English
ranboolive,"['Minecraft', 'Just Chatting', 'Life is Strange', 'Night in the Woods', 'Portal 2']",English
ras_sama,[],Korean
rather777,"['Just Chatting', 'Minecraft', 'League of Legends', 'Fall Guys: Ultimate Knockout', 'HITMAN']",Korean
ratirl,"['League of Legends', 'Call of Duty: Warzone', 'Just Chatting', 'Resident Evil Village', 'Dying Light']",English
rebeudeter,"['League of Legends', 'Grand Theft Auto V', 'Just Chatting', 'Special Events', 'The Last of Us Part II']",French
reitathefps,"['VALORANT', 'Just Chatting', 'Umamusume: Pretty Derby', 'Apex Legends', 'PUBG: BATTLEGROUNDS']",Japanese
rekkles,['League of Legends'],English
restiafps,"['Apex Legends', 'Hearthstone', 'Sekiro: Shadows Die Twice', 'Minecraft', 'Overwatch']",Chinese
rhffkddl96,"['League of Legends', 'Dungeon Fighter Online', 'LOST ARK', 'Teamfight Tactics', 'Just Chatting']",Korean
ricadam_lol,['League of Legends'],French
ringkyu1123,"['League of Legends', 'Just Chatting', 'Little Nightmares II', 'Outlast', 'LOST ARK']",Korean
riotgames,"['League of Legends', 'League of Legends: Wild Rift', 'Teamfight Tactics', 'Talk Shows & Podcasts', 'Arcane']",English
riotgames_korea,"['League of Legends: Wild Rift', 'Teamfight Tactics', 'VALORANT', 'League of Legends', 'Arcane']",Korean
riotgamesjp,"['League of Legends', 'League of Legends: Wild Rift', 'Teamfight Tactics', 'Legends of Runeterra', 'Arcane']",Japanese
riotgameslatam,['Arcane'],Spanish
riotgamesru,"['League of Legends', 'League of Legends: Wild Rift', 'Teamfight Tactics', 'Arcane']",Russian
rjsqn1109,['League of Legends'],Korean
rkdthdus930,"['League of Legends', 'LOST ARK', 'Just Chatting', 'Minecraft', 'Eternal Return: Black Survival']",Korean
rkdwl12,"['Just Chatting', 'League of Legends', 'Apex Legends', 'Music', 'Minecraft']",Korean
rlawnsvy7,"['Just Chatting', 'Skul: The Hero Slayer', 'Miracle Snack Shop', 'Doki Doki Literature Club!', 'Causality']",Korean
rlgus1006,"['League of Legends', 'Just Chatting', 'Minecraft', 'Games + Demos', 'Teamfight Tactics']",Korean
rngudwnswkd,"['League of Legends', 'VALORANT', 'Just Chatting', 'Call of Duty: Warzone', 'Resident Evil Village']",Korean
rocketbaguette,"['Rocket League', 'Special Events']",French
rockggun,"['Minecraft', 'Just Chatting', 'Eternal Return', 'Fall Guys: Ultimate Knockout', 'Eternal Return: Black Survival']",Korean
rogue,"['Apex Legends', 'Escape from Tarkov', 'PGA TOUR 2K21', 'Science & Technology', 'Pummel Party']",English
roki_ch,"['Apex Legends', 'Monster Hunter: World', 'League of Legends', 'Sekiro: Shadows Die Twice', 'Teamfight Tactics']",Japanese
ronaronakr,"['Just Chatting', 'Talk Shows & Podcasts', 'Spore', 'Jurassic World Evolution', ""Sid Meier's Civilization VI""]",Korean
rooftopcat99,"['Just Chatting', 'Hearthstone', 'Mario Kart 8 Deluxe', 'eFootball PES 2021 Season Update', 'Super Mario Party']",Korean
rprx,"['Apex Legends', 'Just Chatting', 'Battlefield 2042', 'Minecraft', 'Sea of Thieves']",English
rtainjapan,"['Fushigi no Dungeon: Furai no Shiren Gaiden - Onna Kenshi Asuka Kenzan!', 'Dragon Quest VIII: Journey of the Cursed King', 'Dragon Quest Characters: Torneko no Daibouken 3', 'Mystery Dungeon: Shiren the Wanderer 3', 'Resident Evil 4']",Japanese
rua_jp,"['VALORANT', 'Mahjong Soul', 'Minecraft', 'Apex Legends', 'PICO PARK']",Japanese
rulrudino,"['Just Chatting', 'Minecraft', 'Animal Crossing: New Horizons', 'Games + Demos', 'Miitopia']",Korean
runner0608,"['Just Chatting', 'LOST ARK', 'Lost Ark Online', 'League of Legends', 'Teamfight Tactics']",Korean
rybsonlol_,"['League of Legends', 'Grand Theft Auto V', 'Chess', 'Knockout City', 'South Park: The Fractured But Whole']",Polish
s1032204,"['Just Chatting', 'LOST ARK', 'League of Legends', 'Genshin Impact', 'Games + Demos']",Korean
s1mple,"['Counter-Strike: Global Offensive', 'Call of Duty: Warzone', 'VALORANT', 'Dota 2', 'Pummel Party']",English
saddummy,"['Just Chatting', 'League of Legends', 'LOST ARK', 'Diablo II: Resurrected', 'World of Warcraft']",Korean
sah_yang,"['Apex Legends', 'Just Chatting', 'Minecraft', 'Call of Duty: Warzone', ""Tom Clancy's Rainbow Six Siege""]",Korean
saken_lol,['League of Legends'],French
sal_gu,"['Dead by Daylight', 'Project Zomboid', 'Darkest Dungeon', 'Eternal Return: Black Survival', 'LOST ARK']",Korean
samueletienne,"['Just Chatting', 'Special Events']",French
sapnapalt,"['VALORANT', 'Minecraft', 'Counter-Strike: Global Offensive', ""Tom Clancy's Rainbow Six Siege"", 'Resident Evil Village']",English
sasatikk,"['Escape From Tarkov', 'VALORANT', 'Apex Legends', 'FIFA 22', ""Conqueror's Blade""]",Japanese
scarlet6942,"['League of Legends', 'Genshin Impact', 'Just Chatting', 'Battlefield V', 'Battlefield 1']",Korean
scoped,"['Fortnite', 'Just Chatting', 'Apex Legends', 'Rocket League']",English
score1992,"['League of Legends', 'Hearthstone', 'Just Chatting', 'Teamfight Tactics']",Korean
selly55,"['Apex Legends', 'Escape From Tarkov', 'Valheim', 'Star Wars Battlefront II', 'Enlisted']",Korean
seoldam99,"['VALORANT', 'Apex Legends', 'Just Chatting']",Korean
ses836,"['League of Legends', 'LOST ARK', 'Just Chatting', 'Yu-Gi-Oh! Duel Links', 'Eternal Return: Black Survival']",Korean
shahzam,"['VALORANT', 'Jump King', 'Just Chatting', 'Counter-Strike: Global Offensive', 'Crab Game']",English
shibuyahal,"['Apex Legends', 'VALORANT', ""Conqueror's Blade"", 'Stardew Valley', 'Rune Factory 5']",Japanese
shivfps,"['Apex Legends', 'Rust', 'Call of Duty: Warzone', 'Battlefield 2042', 'Enlisted']",English
shomaru7,"['Apex Legends', 'Battlefield 2042', 'PUBG: BATTLEGROUNDS', 'Call of Duty: Black Ops Cold War', 'Battlefield V']",Japanese
shroud,"['VALORANT', 'New World', 'World of Warcraft', 'Rust', 'DayZ']",English
silphtv,"['League of Legends', 'Just Chatting', ""Tom Clancy's Rainbow Six Siege"", 'VALORANT', 'Apex Legends']",Korean
silversigle,"['LOST ARK', 'It Takes Two', 'Agrou', 'Monster Hunter: World', 'Deceit']",Korean
sinatraa,"['VALORANT', 'Apex Legends', 'New World', 'Grand Theft Auto V', 'Just Chatting']",English
skeppy,[],English
skmgsysy,"['Eternal Return', 'Eternal Return: Black Survival', 'League of Legends', ""I'm Only Sleeping"", 'Pokémon Unite']",Japanese
sktt1fan_,"['League of Legends', 'Just Chatting']",Korean
slamzinseok,"['Just Chatting', 'Slam Dunk']",Japanese
sleepground,"['Minecraft', 'The Binding of Isaac: Rebirth', 'Just Chatting', 'Teamfight Tactics', 'Eternal Return']",Korean
slemf4062,"['League of Legends', 'Just Chatting', 'Little Nightmares', 'Among Us', 'Kageroh: Shadow Corridor']",Korean
smthlikeyou11,"['VALORANT', 'Just Chatting']",Russian
sn400ja,"['Teamfight Tactics', 'Ni no Kuni: Cross Worlds', 'League of Legends', 'Uma Musume Pretty Derby', 'Just Chatting']",Korean
sneakylol,"['League of Legends', 'World of Warcraft', 'Path of Exile', 'New World', 'Dragon Ball FighterZ']",English
snip3down,"['Apex Legends', 'Halo Infinite', 'Halo: The Master Chief Collection', 'Just Chatting', 'Titanfall 2']",English
snow_hite,"['Just Chatting', 'LOST ARK', 'MapleStory', 'League of Legends', 'Minecraft']",Korean
so_urf,"['League of Legends', 'Escape From Tarkov', 'LOST ARK', 'Diablo II: Resurrected', 'StarCraft']",Korean
sodapoppin,"['World of Warcraft', 'Just Chatting', 'Grand Theft Auto V', 'Terraria', 'Rust']",English
solary,"['League of Legends', 'Teamfight Tactics', 'Talk Shows & Podcasts', 'Super Smash Bros. Ultimate', 'Dofus']",French
som0322,"['Just Chatting', 'VALORANT', 'LOST ARK', ""Tom Clancy's Rainbow Six Siege"", ""PLAYERUNKNOWN'S BATTLEGROUNDS""]",Korean
sonycast_,"['Just Chatting', 'Dungeon Fighter Online', 'Games + Demos', 'LOST ARK', 'Art']",Korean
sooflower,"['Just Chatting', 'StarCraft', 'Eternal Return', 'Diablo II: Resurrected', 'Games + Demos']",Korean
sorammmm,"['League of Legends', 'Just Chatting', 'Teamfight Tactics', 'Tekken 7', 'LOST ARK']",Korean
sorimcaster,"['LOST ARK', 'Just Chatting', 'StarCraft', 'Diablo II: Resurrected', 'KartRider Rush+']",Korean
spygea,"['Apex Legends', 'VALORANT', 'Escape From Tarkov', 'Watch Parties', ""PLAYERUNKNOWN'S BATTLEGROUNDS""]",Japanese
stansmith_jp,"['VALORANT', 'Apex Legends', 'Uma Musume Pretty Derby', 'Pokémon Unite', 'Just Chatting']",Japanese
steel_tv,"['VALORANT', 'Dota 2', 'Fallout 2', 'Apex Legends', ""PLAYERUNKNOWN'S BATTLEGROUNDS""]",English
steelohs,"['Just Chatting', 'Teamfight Tactics', 'LOST ARK', 'FIFA 22', 'Hearthstone']",Korean
stormen,"['Apex Legends', 'Diablo II: Resurrected', 'Vampire: The Masquerade - Bloodhunt', 'World of Warships', 'Vikings: War of Clans']",English
stylishnoob4,"['Apex Legends', 'VALORANT', 'Escape From Tarkov', 'Aion', 'Just Chatting']",Japanese
su_ning,"['Just Chatting', 'Minecraft', 'Project Zomboid', 'League of Legends', 'Subnautica']",Korean
sugarz3ro,"['VALORANT', 'Battlefield 2042']",Japanese
suhyen0107,"['Just Chatting', 'Minecraft', 'Animal Crossing: New Horizons', 'Animal Crossing: New Leaf', 'VALORANT']",Korean
sujagg,"['Fortnite', 'VALORANT', 'Just Chatting', 'Grand Theft Auto V', 'Knockout City']",Spanish
summit1g,"['Grand Theft Auto V', 'Escape From Tarkov', 'Foxhole', 'Final Fantasy XIV Online', 'DayZ']",English
sunbaking,"['Just Chatting', 'League of Legends', 'Project Zomboid', 'Games + Demos', 'Darkest Dungeon']",Korean
surugamonkey0113,"['VALORANT', 'Derby Stallion', 'Uma Musume Pretty Derby', 'Apex Legends', 'Escape From Tarkov']",Japanese
sutanmi,"['League of Legends', 'VALORANT', 'Apex Legends', 'Just Chatting', 'Back 4 Blood']",Japanese
suxkingiscoming,"['Escape From Tarkov', 'Apex Legends', 'League of Legends', 'LOST ARK', 'Rust']",Korean
swab85,"['Food & Drink', 'Just Chatting', 'League of Legends', 'Diablo II: Resurrected', 'World of Warcraft']",Korean
sweetdreams,"['Apex Legends', 'Escape from Tarkov', 'Just Chatting', 'Escape from Tarkov', 'Aim Lab']",English
swon5274,"['Just Chatting', 'Overwatch', 'League of Legends', 'Minecraft', 'Hearthstone']",Korean
syaruru3,"['League of Legends', 'Eternal Return: Black Survival', 'Eternal Return', 'VALORANT', 'Aion']",Japanese
sykkuno,"['Grand Theft Auto V', 'VALORANT', 'Just Chatting', 'Among Us', 'Rust']",English
sz_taisheen,"['Apex Legends', 'Battlefield 2042', 'Chess', 'Just Chatting', 'VALORANT']",English
t1_cuzz,"['League of Legends', 'Teamfight Tactics', 'PUBG: BATTLEGROUNDS', 'MapleStory', 'The Binding of Isaac']",Korean
t1_ellim,"['League of Legends', 'PUBG: BATTLEGROUNDS', 'Poppy Playtime', 'FIFA Online 4', 'StarCraft']",Korean
t1_keria,"['League of Legends', 'Eternal Return', 'MapleStory', 'Overwatch', 'PUBG: BATTLEGROUNDS']",Korean
t1_oner,"['League of Legends', 'Teamfight Tactics', 'PUBG: BATTLEGROUNDS', 'Sudden Attack', 'Little Nightmares II']",Korean
t1_roach,['League of Legends'],Korean
t1_teddy,"['League of Legends', 'PUBG: BATTLEGROUNDS', 'Dungeon Fighter Online', 'Teamfight Tactics', 'Eternal Return']",Korean
t1esports,"['League of Legends', 'Teamfight Tactics', 'StarCraft', 'Just Chatting', 'PUBG: BATTLEGROUNDS']",Korean
t1moment,"['League of Legends', 'Just Chatting', 'StarCraft', 'Teamfight Tactics', 'Games + Demos']",Korean
t1zeus_,"['League of Legends', 'PUBG: BATTLEGROUNDS', 'FIFA Online 4']",Korean
ta1yo_tv,"['Overwatch', 'VALORANT', 'Apex Legends', 'Just Chatting', ""PLAYERUNKNOWN'S BATTLEGROUNDS""]",Japanese
takayaspecial,['League of Legends'],Japanese
tanukininja,"['League of Legends', 'VALORANT', 'Escape From Tarkov', 'Eternal Return: Black Survival', 'Eternal Return']",Japanese
targamas1,"['League of Legends', 'Resident Evil Village', 'Visage', 'The Binding of Isaac: Repentance', 'Outlast']",French
tarik,"['VALORANT', 'Counter-Strike: Global Offensive', 'Apex Legends', 'Minecraft', 'Call of Duty: Warzone']",English
taxi2g,"['Apex Legends', 'Rust', 'Just Chatting', 'Counter-Strike: Source', 'Path of Exile']",English
tempplex_,"['Apex Legends', 'Minecraft', 'Just Chatting', 'Pummel Party', 'Overwatch']",English
tenz,"['VALORANT', 'League of Legends', 'Genshin Impact', 'Valheim', 'It Takes Two']",English
tfblade,"['League of Legends', 'Poker', 'Just Chatting', 'Chess', 'Grand Theft Auto V']",English
tfue,"['Apex Legends', 'Minecraft', 'Call of Duty: Warzone', 'Grand Theft Auto V', 'Just Chatting']",English
thdwodnr97,"['Just Chatting', 'League of Legends', ""I'm Only Sleeping"", 'Red Dead Redemption 2', 'Games + Demos']",Korean
thebausffs,"['League of Legends', 'Arcane', 'Raid: Shadow Legends']",English
timthetatman,"['Call of Duty: Warzone', 'Just Chatting', 'VALORANT', 'Apex Legends', 'New World']",English
tioorochitwitch,"['Just Chatting', 'Worms Revolution', 'VALORANT', 'Minecraft', 'Rust']",Portuguese
tmxk319,"['League of Legends', 'LOST ARK', 'StarCraft', 'Just Chatting', 'MapleStory']",Korean
tobiasfate,"['League of Legends', 'Aliens: Fireteam Elite', 'Ruined King: A League of Legends Story', 'Total War: Warhammer II', 'Deep Rock Galactic']",English
tommyinnit,"['Minecraft', 'Just Chatting', 'Emily is Away <3', 'Terraria', 'Among Us']",English
tommyinnitalt,"['Minecraft', 'Just Chatting', ""PLAYERUNKNOWN'S BATTLEGROUNDS"", 'Among Us', 'Terraria']",English
torona1,['Just Chatting'],Korean
toto02033,"['Apex Legends', 'Minecraft', 'League of Legends', 'Just Chatting', 'Monster Hunter Rise']",Japanese
trainwreckstv,"['Slots', 'Just Chatting', 'Rust', 'Apex Legends', 'Among Us']",English
traytonlol,"['League of Legends', 'Among Us']",French
tsm_imperialhal,"['Apex Legends', 'The Dark Pictures Anthology: House of Ashes', 'Naraka: Bladepoint', 'Among Us', 'PUBG Mobile']",English
tsm_reps,"['Apex Legends', 'Resident Evil Village', 'Vampire: The Masquerade - Bloodhunt']",English
tst1023,"['League of Legends', 'Just Chatting', 'Hearthstone', 'LOST ARK', 'Eternal Return: Black Survival']",Korean
tttcheekyttt,"['Apex Legends', 'Back 4 Blood', 'Battlefield 2042', 'Halo Infinite']",English
twitchpresentskr,['Art'],Korean
untara,['League of Legends'],Korean
uzuhama,"['Just Chatting', 'Games + Demos', 'Bro Falls: Ultimate Showdown', ""PLAYERUNKNOWN'S BATTLEGROUNDS"", 'Roblox']",Korean
valorant,['VALORANT'],English
valorant_jpn,['VALORANT'],Japanese
veibae,"['Just Chatting', 'Apex Legends', 'Valheim', 'The Binding of Isaac: Afterbirth', 'Minecraft']",English
vetheo,['League of Legends'],French
viichan6,"['Just Chatting', 'Minecraft', 'League of Legends', 'VRChat', 'Music']",Korean
vinnie,"['VALORANT', 'Call of Duty: Warzone', 'Grand Theft Auto V', 'Overwatch', 'DEVOUR']",English
vo_ine,"['Just Chatting', 'Minecraft', 'VRChat', 'The Idolmaster: Starlit Season', 'Euro Truck Simulator 2']",Korean
volibear_oyo,"['Just Chatting', 'League of Legends', 'Tekken 7', 'Overwatch', 'Doki Doki Literature Club Plus!']",Korean
wahahaha830,"['League of Legends', 'Kageroh: Shadow Corridor', 'Just Chatting', 'StarCraft', 'LOST ARK']",Korean
waolol1,"['League of Legends', 'Visage', 'The Forest', 'Just Chatting', 'Minecraft']",French
wildriftesports,['League of Legends: Wild Rift'],English
wkddydwns0318,"['League of Legends', 'StarCraft', 'League of Legends: Wild Rift']",Korean
wkgml,"['Just Chatting', 'LOST ARK', 'Minecraft', 'Overwatch', 'League of Legends']",Korean
wns1727,"['Just Chatting', 'Skul: The Hero Slayer', 'DJMAX Respect', 'Music', 'League of Legends']",Korean
wnsldj0610,"['League of Legends', 'Music', 'Just Chatting', 'Tribes of Midgard', 'Among Us']",Korean
woohankyung,"['Just Chatting', 'Overwatch', 'Pools, Hot Tubs, and Beaches', 'League of Legends', 'Marbles On Stream']",Korean
woowakgood,"['Just Chatting', 'VRChat', 'Minecraft', 'VALORANT', 'League of Legends']",Korean
wrq241,"['Eternal Return: Black Survival', 'Eternal Return', 'StarCraft', 'League of Legends', 'Just Chatting']",Korean
wyskah123,"['Just Chatting', 'Teamfight Tactics', 'League of Legends', 'DEVOUR', 'LOST ARK']",Korean
x2Twins,"['Fortnite', 'Rust', 'Minecraft', 'Rocket League', 'It Takes Two']",English
xChocoBars,"['VALORANT', 'Among Us', 'Minecraft', 'Apex Legends', 'Just Chatting']",English
xCry,"['Just Chatting', 'Minecraft', 'Rust', 'ROBLOX', ""I'm Only Sleeping""]",Spanish
xQcOW,"['Grand Theft Auto V', 'Just Chatting', 'Minecraft', 'Rust', 'VALORANT']",English
xXxTheFocuSxXx,"['Grand Theft Auto V', 'Minecraft', 'Just Chatting', 'VALORANT', 'Roblox']",Spanish
xayoo_,"['League of Legends', 'Just Chatting', 'It Takes Two', 'Slapshot Rebound', 'Grid 2']",Polish
xkwhd,"['League of Legends', 'StarCraft', 'Eternal Return', 'Just Chatting', 'Eternal Return: Black Survival']",Korean
xordn123456,"['League of Legends', 'Just Chatting', 'Games + Demos', 'The Battle Cats', 'Soul Knight']",Korean
xqcow,"['Grand Theft Auto V', 'Just Chatting', 'Minecraft', 'Rust', 'VALORANT']",English
yagubu,"['Just Chatting', 'World of Warcraft', 'Escape From Tarkov', 'MLB The Show 21', 'Darkest Dungeon']",Korean
yamatonjp,"['PUBG Mobile', 'Apex Legends', 'RimWorld', 'Pokémon Unite', 'NieR: Automata']",Japanese
yapyap30,"['LOST ARK', 'Escape From Tarkov', 'League of Legends', 'Just Chatting', 'Teamfight Tactics']",Korean
yasmanrox,"['League of Legends', 'Just Chatting', 'Teamfight Tactics', 'Dungeon Fighter Online', 'StarCraft']",Korean
yd0821,"['Minecraft', 'LOST ARK', 'Just Chatting', 'ELYON', 'League of Legends']",Korean
yeTz,"['World of Warcraft', 'League of Legends', 'VALORANT', 'Just Chatting', 'The Last of Us Part II']",Portuguese
yeunda,"[""PLAYERUNKNOWN'S BATTLEGROUNDS"", 'Just Chatting', 'Apex Legends', 'Minecraft', 'VRChat']",Korean
yoshinama222,"['Apex Legends', 'Xenoblade Chronicles 2', 'Super Smash Bros. Ultimate', 'Tales of Arise', 'Resident Evil 7 biohazard']",Japanese
yourragegaming,"['Just Chatting', 'Call of Duty: Warzone', 'Grand Theft Auto V', 'PokemonMMO', 'Rust']",English
yufuna,"['Apex Legends', 'VALORANT', 'Just Chatting', 'Pokémon Brilliant Diamond/Shining Pearl', 'Call of Duty: Vanguard']",Japanese
yukiofps14,"['Apex Legends', 'Monster Hunter: World', 'VALORANT']",Japanese
yumyumyu77,"['Just Chatting', 'LOST ARK', 'League of Legends', 'StarCraft', 'Diablo II: Resurrected']",Korean
yunzinseok,"['Just Chatting', 'Pokémon Platinum', 'Pokémon Sword/Shield', 'Pokémon Unite', 'Pokémon HeartGold/SoulSilver']",Korean
yutapongo,"['League of Legends', 'VALORANT', 'Apex Legends', 'Age of Empires IV']",Japanese
yvonnie,"['VALORANT', 'League of Legends', 'Just Chatting', 'Minecraft', 'Among Us']",English
zackrawrr,"['World of Warcraft', 'New World', 'Final Fantasy XIV Online', 'Rust', 'Path of Exile']",English
zainita,"['Just Chatting', 'Grand Theft Auto V', 'VALORANT', 'Rust', 'Dead by Daylight']",Spanish
zed99_lol,['League of Legends'],Korean
zepher,"['VALORANT', 'Apex Legends', 'Minecraft', 'Overwatch', 'It Takes Two']",Japanese
zevent,['Special Events'],French
ziGueira,"['Call of Duty: Warzone', 'Poker', 'VALORANT', 'Squad', 'Rogue Company']",Portuguese
zilioner,"['Just Chatting', 'League of Legends', 'Hearthstone', 'Romance of the Three Kingdoms XIV', 'World of Warcraft']",Korean
zledisd,"['Hearthstone', 'Just Chatting', 'XCOM 2', 'Slam Dunk', 'The Legend of Zelda: Breath of the Wild']",Korean
zoodasa,"['Just Chatting', 'Minecraft', 'Monster Hunter Rise', 'The Binding of Isaac: Afterbirth', 'Portal 2']",Korean
zz5152zz,['League of Legends'],Korean
zzamtiger0310,"['Just Chatting', 'League of Legends', 'Jump King', 'StarCraft', 'Super Mario Maker 2']",Korean
