TenZ,Alixxa
TenZ,Alkaizerx
TenZ,AlphaKep
TenZ,Anomaly
TenZ,Apricot
TenZ,AsianJeff
TenZ,BATTLEFIELD
TenZ,BobRoss
TenZ,Bugha
TenZ,CR_rion
TenZ,Caedrel
TenZ,CharlParkesx
TenZ,Chica
TenZ,Chicago
TenZ,Clix
TenZ,Co1azo
TenZ,DanTDM
TenZ,DeadlyUncleJimmy
TenZ,DotaTV247
TenZ,ESL_CSGO
TenZ,EmadGG
TenZ,Emiru
TenZ,Endretta
TenZ,Enviosity
TenZ,EpikWhale
TenZ,EternaLEnVyy
TenZ,FaZeSway
TenZ,FlowAscending
TenZ,Foir
TenZ,Forky
TenZ,Fortnite
TenZ,FranzJ
TenZ,FrtingGlitter
TenZ,GosuGeneralTV
TenZ,Governor
TenZ,Grimm
TenZ,Hoon
TenZ,ItsJSTN
TenZ,Juniorr
TenZ,Kyedae
TenZ,Lazvell
TenZ,Lo0p__
TenZ,Loserfruit
TenZ,MOONMOON
TenZ,MaiRubee
TenZ,Marzz_Ow
TenZ,Mathil1
TenZ,McCreamy
TenZ,Mixwell
TenZ,Mizkif
TenZ,MrLlamaSC
TenZ,MrSavage
TenZ,NRG_JZR
TenZ,NickEh30
TenZ,Nordlys
TenZ,PSP1G
TenZ,Papanomaly
TenZ,Pikabooirl
TenZ,PlayStationJapan
TenZ,Pulse_Cryypto
TenZ,Pulse_Temple
TenZ,Quackity
TenZ,QuackityToo
TenZ,RATIRL
TenZ,Ranger
TenZ,RushGreedZz
TenZ,Sallyisadog
TenZ,Sanchovies
TenZ,Sapnap
TenZ,Sayu
TenZ,Scouter_CS
TenZ,ShahZaM
TenZ,Shawn
TenZ,Sommerset
TenZ,Spoodah
TenZ,SquishyMuffinz
TenZ,StableRonaldo
TenZ,SteveInSpawn
TenZ,Sykkuno
TenZ,TSM_ZexRow
TenZ,TheSushiDragon
TenZ,TrilluXe
TenZ,UnknownxArmy
TenZ,VALORANT
TenZ,VesperArcade
TenZ,WestJett
TenZ,XcaliburYe
TenZ,Zayt
TenZ,Znorux
TenZ,aceu
TenZ,beautie_
TenZ,blackelespanolito
TenZ,cdewx
TenZ,dapr
TenZ,dezeeta
TenZ,fps_shaka
TenZ,fruitberries
TenZ,iHasCupquake
TenZ,idom_ny
TenZ,johnolsen_
TenZ,jonbaes
TenZ,joshseki
TenZ,k4sen
TenZ,kennyS
TenZ,lathyrustv
TenZ,laurathesimp
TenZ,leveluplive
TenZ,masondota2
TenZ,merabella
TenZ,midbeast
TenZ,phoodu
TenZ,pokimane
TenZ,projektmelody
TenZ,radius
TenZ,renyan
TenZ,s1mple
TenZ,sapnapalt
TenZ,shanks_ttv
TenZ,shroud
TenZ,sinatraa
TenZ,sofiaspamssometimes
TenZ,stylishnoob4
TenZ,superbuss_
TenZ,tarik
TenZ,tinylady
TenZ,tristn
TenZ,tuonto
TenZ,valorant_jpn
TenZ,x2Twins
TenZ,yeSloth
Alixxa,AbrilCarolinaX
Alixxa,AdinRoss
Alixxa,Agholor
Alixxa,Annie_Antics
Alixxa,Anthony_Kongphan
Alixxa,Arsenal
Alixxa,AussieAntics
Alixxa,BasicBimboo
Alixxa,Bugha
Alixxa,CRIIIZUX
Alixxa,Carmen
Alixxa,Chanzes
Alixxa,Chatterbox
Alixxa,Chica
Alixxa,Clix
Alixxa,CompletedItMate
Alixxa,CooLifeGame
Alixxa,D3stri
Alixxa,Daiden_
Alixxa,DanielaAzuaje_
Alixxa,Dayfri
Alixxa,Deansocool
Alixxa,DocWizard
Alixxa,Dylexa
Alixxa,Enoch
Alixxa,FaZeSway
Alixxa,Faide
Alixxa,Fluck
Alixxa,GabSmolders
Alixxa,GarrettG
Alixxa,Gemita
Alixxa,Granny
Alixxa,Halocene
Alixxa,IlloJuan
Alixxa,JasonSulli
Alixxa,Jiggy
Alixxa,Jur3ky
Alixxa,JustMaddyx
Alixxa,Jynx
Alixxa,Kennasofly
Alixxa,Konvy
Alixxa,LOSTyGIRLy
Alixxa,Loeya
Alixxa,LoncheDeHuevito
Alixxa,Loserfruit
Alixxa,LuluLuvely
Alixxa,Marzzzzy
Alixxa,Melebu
Alixxa,Mowky
Alixxa,NRG_Hamlinz
Alixxa,Nakkida
Alixxa,NickEh30
Alixxa,Nuvia_OuO
Alixxa,ONE_shot_GURL
Alixxa,Overstrand
Alixxa,PaladinAmber
Alixxa,PeachySaiyann
Alixxa,Pezz
Alixxa,Plalism
Alixxa,PlayHearthstone
Alixxa,PleaseBuild
Alixxa,Poseidon
Alixxa,Reetlol
Alixxa,Rodey
Alixxa,Rubius
Alixxa,SAEVID
Alixxa,SLAKUN10
Alixxa,SSL_Stone
Alixxa,STPeach
Alixxa,Scrub
Alixxa,Sequisha
Alixxa,ShivFPS
Alixxa,Silithur
Alixxa,Skermz
Alixxa,SoccerMan
Alixxa,SolaryFortnite
Alixxa,Sommerset
Alixxa,SoyPan
Alixxa,SquishyMuffinz
Alixxa,StableRonaldo
Alixxa,Stephy
Alixxa,Sticks
Alixxa,Sweet_Anita
Alixxa,TSM_Daequan
Alixxa,TSM_ImperialHal
Alixxa,TaylorMorgan__
Alixxa,TenacityTv
Alixxa,Tfue
Alixxa,Tocata
Alixxa,Trainwreckstv
Alixxa,TrakasSinN
Alixxa,VioletaG
Alixxa,VitaCelestine_
Alixxa,Viviana
Alixxa,Vixella
Alixxa,WePlayRocketLeague
Alixxa,Whippy
Alixxa,ZormanWorld
Alixxa,Zuckles
Alixxa,Zylice
Alixxa,adeptthebest
Alixxa,alexhasg2g
Alixxa,angelxoxo
Alixxa,angiey
Alixxa,chechy
Alixxa,chrismelberger
Alixxa,darbian
Alixxa,definitelynotjulen
Alixxa,dota2ti
Alixxa,fxYen
Alixxa,iiTzTimmy
Alixxa,ikittyyyy
Alixxa,jcyrus
Alixxa,jivantv
Alixxa,jivi
Alixxa,julien
Alixxa,justfoxii
Alixxa,karchez
Alixxa,knoqd
Alixxa,lethamyr_rl
Alixxa,lilsimsie
Alixxa,ludwig
Alixxa,madisongordonx
Alixxa,mamabenjyfishy1
Alixxa,mollyruu
Alixxa,mrekkosu
Alixxa,mushmum
Alixxa,neato
Alixxa,neymarjr
Alixxa,ops1x
Alixxa,pilidelt
Alixxa,princessjas123
Alixxa,spam1of1
Alixxa,sparkles_qt
Alixxa,stoves_kitchen
Alixxa,strawbys_
Alixxa,x2Twins
Alkaizerx,23savagezzz
Alkaizerx,Ahh_Dean
Alkaizerx,AlfhildeOdin
Alkaizerx,AmerikaliAynasiz
Alkaizerx,AnthonyZ
Alkaizerx,Apricot
Alkaizerx,AshesofCreation
Alkaizerx,AsmodaiTV
Alkaizerx,Asmongold
Alkaizerx,Aui_2000
Alkaizerx,AvoidingThePuddle
Alkaizerx,BeyondTheSummit
Alkaizerx,BeyondTheSummit2
Alkaizerx,Biotoxz_
Alkaizerx,Blaustoise
Alkaizerx,BobRoss
Alkaizerx,CaMiLLs
Alkaizerx,Caliverse
Alkaizerx,CapcomFighters
Alkaizerx,Ceceyman
Alkaizerx,ClintStevens
Alkaizerx,CoconutRTS
Alkaizerx,CodeMiko
Alkaizerx,CohhCarnage
Alkaizerx,Covertgoblue
Alkaizerx,CriticalRole
Alkaizerx,CuteDog_
Alkaizerx,Dakkroth
Alkaizerx,DatModz
Alkaizerx,Distortion2
Alkaizerx,Doctor_Nix
Alkaizerx,Doublelift
Alkaizerx,Dzukill
Alkaizerx,ESL_DOTA2
Alkaizerx,Ebonix
Alkaizerx,Elajjaz
Alkaizerx,Elraenn
Alkaizerx,Emikukis
Alkaizerx,Emiru
Alkaizerx,Empyriangaming
Alkaizerx,EsfandTV
Alkaizerx,F1NN5TER
Alkaizerx,FENAMAN
Alkaizerx,Faker
Alkaizerx,FilipaCarola
Alkaizerx,GamesDoneQuick
Alkaizerx,GloriaMatvien
Alkaizerx,Goratha
Alkaizerx,Greekgodx
Alkaizerx,Grimro
Alkaizerx,GunnarDotA2
Alkaizerx,Harry
Alkaizerx,HarunCAN
Alkaizerx,HasanAbi
Alkaizerx,Hungrybox
Alkaizerx,IKeepItTaco
Alkaizerx,JackTheRipperGB
Alkaizerx,JayzTwoCents
Alkaizerx,Jenz
Alkaizerx,JustaMinx
Alkaizerx,Karvarousku
Alkaizerx,Killakris
Alkaizerx,KobeBlackMamba
Alkaizerx,Krystalogy
Alkaizerx,LAGTVMaximusBlack
Alkaizerx,Lightee7
Alkaizerx,LudiEtHistoria
Alkaizerx,LumxLive
Alkaizerx,MAMOBOT_
Alkaizerx,MOONMOON
Alkaizerx,MadSeasonShow
Alkaizerx,Mathil1
Alkaizerx,Matrixis
Alkaizerx,MattRP
Alkaizerx,Maya
Alkaizerx,McconnellRet
Alkaizerx,Melisaqua
Alkaizerx,Meowko
Alkaizerx,Mew2King
Alkaizerx,Mizkif
Alkaizerx,MrLlamaSC
Alkaizerx,OGADotaPIT
Alkaizerx,Orzanel
Alkaizerx,PIMPNITE_YT
Alkaizerx,PathOfMatth
Alkaizerx,Pengwin
Alkaizerx,Preachlfw
Alkaizerx,PurpleBixi
Alkaizerx,QTCinderella
Alkaizerx,Quantrik
Alkaizerx,Quin69
Alkaizerx,RaizQT
Alkaizerx,Ramee
Alkaizerx,RedsGamingGears
Alkaizerx,Ruetoo
Alkaizerx,SONER
Alkaizerx,Saiiren
Alkaizerx,SampeV2
Alkaizerx,Savix
Alkaizerx,ScottJund
Alkaizerx,SenseiCJ
Alkaizerx,SeriouslyClara
Alkaizerx,Seum
Alkaizerx,ShineNYC
Alkaizerx,Sjow
Alkaizerx,SmallAnt
Alkaizerx,SmiteGame
Alkaizerx,Soullscape
Alkaizerx,Spaceboy
Alkaizerx,Spottman
Alkaizerx,Ssaab
Alkaizerx,StaysafeTV
Alkaizerx,Steelmage
Alkaizerx,Subtractem
Alkaizerx,Sweet_Anita
Alkaizerx,TarkeCat
Alkaizerx,TeamSp00ky
Alkaizerx,TenZ
Alkaizerx,TerrenceRoss
Alkaizerx,ThatViolinChick
Alkaizerx,ThisIsBadger
Alkaizerx,TidesofTime
Alkaizerx,Timmac
Alkaizerx,TobiasFate
Alkaizerx,Topsonous
Alkaizerx,Trainwreckstv
Alkaizerx,Trey24k
Alkaizerx,UnsanityLIVE
Alkaizerx,Vae_Victis
Alkaizerx,Ventrua
Alkaizerx,Vienna
Alkaizerx,VisionaryRealms
Alkaizerx,WePlayDota
Alkaizerx,Whippy
Alkaizerx,ZeplaHQ
Alkaizerx,ZiggyDLive
Alkaizerx,Zizaran
Alkaizerx,Zlapped
Alkaizerx,Zoil
Alkaizerx,ZubatLEL
Alkaizerx,Zulp
Alkaizerx,aAGOTO
Alkaizerx,aceu
Alkaizerx,artesianbuilds
Alkaizerx,bloodyfaster
Alkaizerx,buddha
Alkaizerx,cArn_
Alkaizerx,chefmali
Alkaizerx,chibidoki
Alkaizerx,chiliofdestiny
Alkaizerx,crouching_tuna
Alkaizerx,cyr
Alkaizerx,dafran
Alkaizerx,dbrunski125
Alkaizerx,dota2ti
Alkaizerx,ds_lily
Alkaizerx,dubudota
Alkaizerx,dunkstream
Alkaizerx,duoking1
Alkaizerx,dwjft
Alkaizerx,endercasts
Alkaizerx,erobb221
Alkaizerx,fairygirl
Alkaizerx,forsen
Alkaizerx,frankthepegasus
Alkaizerx,funkyblackcat
Alkaizerx,gigi
Alkaizerx,ibai
Alkaizerx,iceiceice
Alkaizerx,iiTzTimmy
Alkaizerx,imPROBZZ
Alkaizerx,jakenbakeLIVE
Alkaizerx,jarnoopmeer
Alkaizerx,jessirocks
Alkaizerx,julien
Alkaizerx,jungroan
Alkaizerx,justinplus
Alkaizerx,lProd_
Alkaizerx,loltyler1
Alkaizerx,lyn_mametchi
Alkaizerx,mailand
Alkaizerx,mang0
Alkaizerx,mehhx
Alkaizerx,nbcolympics
Alkaizerx,nugiyen
Alkaizerx,ortoPilot
Alkaizerx,pathofexile
Alkaizerx,philionlive
Alkaizerx,potatolegiontv
Alkaizerx,raine
Alkaizerx,richwcampbell
Alkaizerx,rivahlol
Alkaizerx,shaperka
Alkaizerx,shroud
Alkaizerx,sips_
Alkaizerx,skinnedteen
Alkaizerx,smugdabeasttv
Alkaizerx,sodapoppin
Alkaizerx,spell316
Alkaizerx,spicysushi_poe
Alkaizerx,sumayyl
Alkaizerx,superjj102
Alkaizerx,supershigi
Alkaizerx,susu_jpg
Alkaizerx,suzan
Alkaizerx,sweetdreams
Alkaizerx,swimstrim
Alkaizerx,tabula_russia
Alkaizerx,tajsama
Alkaizerx,talflyaizik
Alkaizerx,tarzaned
Alkaizerx,traycee
Alkaizerx,tytykiller
Alkaizerx,uzbuzbuzb
Alkaizerx,verypolitegamer
Alkaizerx,xQcOW
AlphaKep,2Fast
AlphaKep,AYYJAYY
AlphaKep,Aches_Gaming
AlphaKep,AdinRoss
AlphaKep,Amar
AlphaKep,Amouranth
AlphaKep,AndyMilonakis
AlphaKep,Aniemal
AlphaKep,Arab
AlphaKep,Arsenal
AlphaKep,Athena
AlphaKep,AussieAntics
AlphaKep,AyeZee
AlphaKep,BOOSFER
AlphaKep,Blooprint
AlphaKep,BluScr3n
AlphaKep,Chap
AlphaKep,Chimp
AlphaKep,Cizzorz
AlphaKep,Clix
AlphaKep,CollegeCarball
AlphaKep,Dappur
AlphaKep,DevonJenelle
AlphaKep,ESL_Australia
AlphaKep,ESL_CSGO
AlphaKep,ElisabeteTV
AlphaKep,Evample2
AlphaKep,Eversax
AlphaKep,FaZeSway
AlphaKep,Faide
AlphaKep,FairyPeak
AlphaKep,Fitz
AlphaKep,Foir
AlphaKep,Forky
AlphaKep,Fortnite
AlphaKep,Frost_
AlphaKep,GarrettG
AlphaKep,Grizzy
AlphaKep,ItsJSTN
AlphaKep,JannisZ
AlphaKep,Jessie
AlphaKep,Joe_Bartolozzi
AlphaKep,JohnnyBoi_i
AlphaKep,KingGeorge
AlphaKep,Kinseh
AlphaKep,LINK_EZ
AlphaKep,Leaflit
AlphaKep,LowkeyRoss
AlphaKep,Lunaris
AlphaKep,MODELMORG
AlphaKep,Mc_Lando
AlphaKep,Mikaylah
AlphaKep,Mile1738
AlphaKep,Miyune
AlphaKep,MoAuba
AlphaKep,ModestPelican
AlphaKep,MontanaBlack88
AlphaKep,MurderCrumpet
AlphaKep,NICKMERCS
AlphaKep,NRG_Hamlinz
AlphaKep,NRGgg
AlphaKep,NarcolepticNugget
AlphaKep,NeneCreative
AlphaKep,Newbatoon
AlphaKep,NewfieBulIet
AlphaKep,NiklasWilson
AlphaKep,NoraExplorer
AlphaKep,NuxTaku
AlphaKep,POACH
AlphaKep,PainLivestream
AlphaKep,Pamaj
AlphaKep,Posty
AlphaKep,ProjektMomo
AlphaKep,Pulse_Cryypto
AlphaKep,Rainbow6
AlphaKep,Rasmelthor
AlphaKep,Ravena
AlphaKep,ReginaHixt
AlphaKep,Rizzo
AlphaKep,RocketLeague
AlphaKep,RocketLeagueAPAC
AlphaKep,RocketLeagueMENA
AlphaKep,RocketLeagueOCE
AlphaKep,RocketStreetLive
AlphaKep,Rogue
AlphaKep,Rustyk
AlphaKep,ShahZaM
AlphaKep,SidneyEweka
AlphaKep,Snip3down
AlphaKep,Spinachee
AlphaKep,Spoodah
AlphaKep,Spyro
AlphaKep,SquishyMuffinz
AlphaKep,SunlessKhan
AlphaKep,SuperEvan
AlphaKep,SwaggerSouls
AlphaKep,Symfuhny
AlphaKep,SypherPK
AlphaKep,TSM_Daequan
AlphaKep,TenZ
AlphaKep,TenacityTv
AlphaKep,Tfue
AlphaKep,Thanovic
AlphaKep,ThatOneRebel
AlphaKep,TheDadGaming
AlphaKep,TheNicoleT
AlphaKep,TopGunn7
AlphaKep,UnknownxArmy
AlphaKep,VALORANT
AlphaKep,Vincentt
AlphaKep,WARRIORRUST
AlphaKep,WePlayRocketLeague
AlphaKep,WhosImmortal
AlphaKep,Yoggah
AlphaKep,Yuggie_TV
AlphaKep,ZONEsama
AlphaKep,Zirinic
AlphaKep,ZubatLEL
AlphaKep,Zuckles
AlphaKep,amustycow
AlphaKep,apparentlyjack_rl
AlphaKep,benjyfishy
AlphaKep,browniesandlemonade
AlphaKep,broxh_
AlphaKep,chell
AlphaKep,dapr
AlphaKep,dreaz
AlphaKep,eliasn97
AlphaKep,ethos
AlphaKep,fruity
AlphaKep,girl_dm_
AlphaKep,iR2veN
AlphaKep,imPheetus
AlphaKep,ironmouse
AlphaKep,ivycomb
AlphaKep,karmaah
AlphaKep,kiaa
AlphaKep,kjanecaron
AlphaKep,kwissy
AlphaKep,lethamyr_rl
AlphaKep,miamalkova
AlphaKep,moistcr1tikal
AlphaKep,nikkijustine
AlphaKep,nxghtt_
AlphaKep,nyanners
AlphaKep,pimpolho_rl
AlphaKep,ploo
AlphaKep,roflgator
AlphaKep,shroud
AlphaKep,sinatraa
AlphaKep,slurpeeg_
AlphaKep,sodapoppin
AlphaKep,sorry
AlphaKep,spongeetl
AlphaKep,spoonkid
AlphaKep,starsmitten
AlphaKep,steel_tv
AlphaKep,strawberrytabby
AlphaKep,summit1g
AlphaKep,supertf
AlphaKep,sweetdreams
AlphaKep,tarik
AlphaKep,teckley
AlphaKep,thathoneydip
AlphaKep,tommyinnit
AlphaKep,wedidvalorant
AlphaKep,xQcOW
Anomaly,Advyth
Anomaly,AnniTheDuck
Anomaly,AussieAntics
Anomaly,AverageJonas
Anomaly,BENIJU03
Anomaly,BLASTPremier
Anomaly,BeastSnakeLIVE
Anomaly,Bexuki
Anomaly,BobRoss
Anomaly,Bonjwa
Anomaly,Clix
Anomaly,CyanidePlaysGames
Anomaly,DasMonty
Anomaly,Dfalt_
Anomaly,Dhalucard
Anomaly,DianaDunaeva
Anomaly,Dosia_csgo
Anomaly,ELoTRiX
Anomaly,ESL_CSGO
Anomaly,ESL_CSGOb
Anomaly,ElChiringuitoTV
Anomaly,ElMariana
Anomaly,FR33THY
Anomaly,Fenya
Anomaly,Fitz
Anomaly,Flight23white
Anomaly,FranzJ
Anomaly,GIRU
Anomaly,GRONKH
Anomaly,GazGShore
Anomaly,GexYT
Anomaly,Giggand
Anomaly,GordoReally
Anomaly,GustafGabel
Anomaly,HIBAKO
Anomaly,Hiko
Anomaly,HoneyPuu
Anomaly,Jewer
Anomaly,JohnFranklyn
Anomaly,JonBams
Anomaly,JustCooman
Anomaly,Koolein
Anomaly,Kyedae
Anomaly,LPGjustJohnny
Anomaly,Loserfruit
Anomaly,MAAU
Anomaly,MartinJensenTV
Anomaly,Masayoshi
Anomaly,MckyTV
Anomaly,Mitch_smo
Anomaly,Mizkif
Anomaly,MontanaBlack88
Anomaly,Mulder
Anomaly,Muzz
Anomaly,NRWBenjo
Anomaly,Nemz38
Anomaly,NickEh30
Anomaly,NimuVT
Anomaly,Ninja
Anomaly,OLESYALIBERMAN
Anomaly,OfficialMikeShinoda
Anomaly,Papanomaly
Anomaly,Papaplatte
Anomaly,PavelskiBH
Anomaly,PeachySaiyann
Anomaly,Phazon
Anomaly,PietSmiet
Anomaly,Pompeyo4
Anomaly,RachelR
Anomaly,Rainbow6
Anomaly,RanbooLive
Anomaly,Redami
Anomaly,RevedTV
Anomaly,RiceGum
Anomaly,Robleis
Anomaly,Roblox
Anomaly,SR_Daz
Anomaly,Salt_Raiders
Anomaly,ShackyHD
Anomaly,ShahZaM
Anomaly,SmallAnt
Anomaly,SnipingSoup
Anomaly,Sommerset
Anomaly,SovietWomble
Anomaly,StableRonaldo
Anomaly,Staryuuki
Anomaly,Stewie2K
Anomaly,SwaggerSouls
Anomaly,SweeetTails
Anomaly,SypherPK
Anomaly,TANZVERBOT
Anomaly,TSM_ImperialHal
Anomaly,Tekmarrr
Anomaly,TenZ
Anomaly,TheDanDangler
Anomaly,TitaSama
Anomaly,TobyontheTele
Anomaly,TolkinLoL
Anomaly,Trymacs
Anomaly,Tubbo
Anomaly,VALORANT
Anomaly,Valkia
Anomaly,Vlesk
Anomaly,WARDELL
Anomaly,WhiteSpaASMR
Anomaly,Zombey
Anomaly,Zuckles
Anomaly,blazed
Anomaly,cYpheR
Anomaly,carabeanz
Anomaly,crispy
Anomaly,dinossindgeil
Anomaly,edopeh
Anomaly,eggsoup
Anomaly,fl0m
Anomaly,h4rncs
Anomaly,kkatamina
Anomaly,knoqd
Anomaly,launders
Anomaly,logicalcs
Anomaly,ludwig
Anomaly,lukeafkfan
Anomaly,m0E_tv
Anomaly,makataO
Anomaly,melina
Anomaly,miaplays
Anomaly,moistcr1tikal
Anomaly,monkeys_forever
Anomaly,ohnePixel
Anomaly,orkpod
Anomaly,qSnake
Anomaly,realMoji
Anomaly,s1mple
Anomaly,shinobi
Anomaly,shroud
Anomaly,sinatraa
Anomaly,smqcked
Anomaly,spoonkid
Anomaly,spoopykitt
Anomaly,starletnova
Anomaly,tarik
Anomaly,timb0_
Anomaly,tommyinnit
Anomaly,valorantesports3
Anomaly,wubz
Anomaly,x2Twins
Anomaly,xQcOW
Apricot,218noma
Apricot,Abby_Lu
Apricot,AbdulHD
Apricot,Absorber
Apricot,AdamBomb
Apricot,AkariiNyan
Apricot,Antfrost
Apricot,AnthonyZ
Apricot,AsianGuyStream
Apricot,BadBoyHalo
Apricot,Baleela
Apricot,Berticuss
Apricot,Blossumcake
Apricot,Brawlhalla
Apricot,BreiBlossom
Apricot,Bucklington
Apricot,BurnieGav
Apricot,CDawgVA
Apricot,CaptainCuppyCake
Apricot,CaptainPuffy
Apricot,Chipotle
Apricot,CorinaBoettger
Apricot,CrazySlick
Apricot,CriticalRole
Apricot,Darude
Apricot,Datto
Apricot,Eko_exe
Apricot,ElSpreen
Apricot,Emiru
Apricot,Eret
Apricot,Flexinja
Apricot,Foolish_Gamers
Apricot,GeorgeNotFound
Apricot,GigaBoots
Apricot,GradeAUnderA
Apricot,Hajime
Apricot,HarukaKaribu
Apricot,JaidenAnimations
Apricot,JuniperActias
Apricot,JustaMinx
Apricot,Keiti
Apricot,LDShadowLady
Apricot,Lacari
Apricot,LeighXP
Apricot,Lily275
Apricot,Limmy
Apricot,LordCommanderChaos
Apricot,Lost_Pause
Apricot,MaiRubee
Apricot,Maximilian_DOOD
Apricot,MissKyliee
Apricot,MitaLiang
Apricot,Moofie
Apricot,Murmaider_
Apricot,Myun
Apricot,Naro
Apricot,Nightbot
Apricot,NuxTaku
Apricot,Nyaariin
Apricot,NyyKage
Apricot,PKMNcast
Apricot,Peerryyy
Apricot,PointCrow
Apricot,QueenMico
Apricot,Russel
Apricot,SMii7Y
Apricot,SPUUKY
Apricot,SarahKey
Apricot,Saruei
Apricot,SayeedBlack
Apricot,Sayu
Apricot,ScareCalebFinn
Apricot,ShahZaM
Apricot,Shenpai
Apricot,Shiki
Apricot,ShubbleYT
Apricot,SicK_cs
Apricot,Silvervale
Apricot,Slimecicle
Apricot,SnapsCube
Apricot,SquChan
Apricot,Sykkuno
Apricot,Techycutie
Apricot,Tectone
Apricot,TheAMaazing
Apricot,TheAllysinKay
Apricot,TubboLIVE
Apricot,VShojo
Apricot,Vienna
Apricot,WolfychuLIVE
Apricot,Yoclesh
Apricot,Zentreya
Apricot,ZeplaHQ
Apricot,Zy0xxx
Apricot,ariru_
Apricot,astro
Apricot,b4nny
Apricot,baoo
Apricot,boshytf
Apricot,bubVT
Apricot,bungotaiga
Apricot,cfm_official
Apricot,chiawei1031tv
Apricot,chibidoki
Apricot,clempstwitch
Apricot,crazyfacetw
Apricot,dannyphantomexe
Apricot,dapr
Apricot,derivakat
Apricot,echochlo
Apricot,emilyywang
Apricot,fanfan
Apricot,fobm4ster
Apricot,frost_ch
Apricot,girl_dm_
Apricot,habib_6ix_God
Apricot,hobbittrash
Apricot,iiTzTimmy
Apricot,ironmouse
Apricot,jacksepticeye
Apricot,karljacobs
Apricot,keffals
Apricot,lavendertowne
Apricot,lilypichu
Apricot,loltyler1
Apricot,magicsings
Apricot,mira004
Apricot,moistcr1tikal
Apricot,neonpuddles
Apricot,nerdstreet2
Apricot,nyanners
Apricot,omie
Apricot,phoodu
Apricot,pokimane
Apricot,projektmelody
Apricot,purrlgreytea
Apricot,richwcampbell
Apricot,sakiomi
Apricot,saurusness
Apricot,shroud
Apricot,snuffy
Apricot,susu_jpg
Apricot,tommyinnit
Apricot,valorantesports2
Apricot,valorantesports3
Apricot,veibae
AsianJeff,ATL770ER
AsianJeff,AbuFal7
AsianJeff,Acorn
AsianJeff,AdinRoss
AsianJeff,Advyth
AsianJeff,Alliege
AsianJeff,Amouranth
AsianJeff,AngelStax
AsianJeff,Annie_Antics
AsianJeff,Arab
AsianJeff,Arkhram
AsianJeff,AussieAntics
AsianJeff,AussieBattlerz
AsianJeff,AvFN
AsianJeff,Aydan
AsianJeff,BTYR3KT
AsianJeff,BalleFN
AsianJeff,Blooprint
AsianJeff,BruceDropEmOff
AsianJeff,Bugha
AsianJeff,Building
AsianJeff,Calculator
AsianJeff,Chanzes
AsianJeff,ChickenItza1
AsianJeff,Clix
AsianJeff,Co1azo
AsianJeff,D3stri
AsianJeff,Doggydogg20
AsianJeff,DragonRG
AsianJeff,Drolby
AsianJeff,DukezFN
AsianJeff,Edgeyy
AsianJeff,EmadGG
AsianJeff,Endretta
AsianJeff,Eomzo_
AsianJeff,EpikWhale
AsianJeff,FaZeSway
AsianJeff,ForestBHOP
AsianJeff,Forpz
AsianJeff,Fortnite
AsianJeff,H1ghSky1
AsianJeff,Hasvik
AsianJeff,ImKaiCenat
AsianJeff,Jamper
AsianJeff,JannisZ
AsianJeff,Joe_Bartolozzi
AsianJeff,Jur3ky
AsianJeff,Jynx
AsianJeff,LautA
AsianJeff,Letshe
AsianJeff,LyndonFPS
AsianJeff,MLGJRated
AsianJeff,MOTOR
AsianJeff,MacieJay
AsianJeff,Melebu
AsianJeff,Mongraal
AsianJeff,Moose_Taffy
AsianJeff,Moxie
AsianJeff,MrSavage
AsianJeff,Muzz
AsianJeff,NICKMERCS
AsianJeff,NRG_Hamlinz
AsianJeff,NateHill
AsianJeff,NinjSZN
AsianJeff,Ninja
AsianJeff,NoahWPlays
AsianJeff,OliverOG
AsianJeff,OwlFN
AsianJeff,Peereira7
AsianJeff,PhysicsOT
AsianJeff,PostMalone
AsianJeff,Posty
AsianJeff,Ranger
AsianJeff,Reetlol
AsianJeff,RefsgaardDK
AsianJeff,Replays
AsianJeff,Resolve
AsianJeff,RichHomieQuinn
AsianJeff,Risezd
AsianJeff,Rogue
AsianJeff,Slick
AsianJeff,SolaryFortnite
AsianJeff,Sommerset
AsianJeff,Speedy
AsianJeff,StableRonaldo
AsianJeff,Sticks
AsianJeff,TSM_Daequan
AsianJeff,TaySon
AsianJeff,Tekmarrr
AsianJeff,Temperrr
AsianJeff,TheNicoleT
AsianJeff,TooseFN
AsianJeff,Trainwreckstv
AsianJeff,Tyceno
AsianJeff,UnknownxArmy
AsianJeff,Vadeal
AsianJeff,Wolfiez
AsianJeff,XTRAFormer
AsianJeff,XnBfn
AsianJeff,YANPOLGG
AsianJeff,Zemie
AsianJeff,ZitoFN
AsianJeff,actingliketommy
AsianJeff,aircool
AsianJeff,andyvenchha
AsianJeff,angiey
AsianJeff,benjyfishy
AsianJeff,blxckoutz
AsianJeff,buckefps
AsianJeff,bully
AsianJeff,cented
AsianJeff,clarityG
AsianJeff,colelep
AsianJeff,cxltures
AsianJeff,demisux
AsianJeff,denogeanyoutube
AsianJeff,dereknlmb
AsianJeff,deyyszn
AsianJeff,faxuty
AsianJeff,g1ntl
AsianJeff,iiNm7x
AsianJeff,innocents
AsianJeff,itsJerian
AsianJeff,iziprime
AsianJeff,jahq
AsianJeff,jivi
AsianJeff,joji
AsianJeff,k1ng
AsianJeff,k1nzell
AsianJeff,lalem
AsianJeff,mamabenjyfishy1
AsianJeff,mero
AsianJeff,mitr0
AsianJeff,moistcr1tikal
AsianJeff,neymarjr
AsianJeff,noahreyli
AsianJeff,npen
AsianJeff,ops1x
AsianJeff,robz
AsianJeff,rodezel
AsianJeff,scoped
AsianJeff,shroud
AsianJeff,slite2k_
AsianJeff,souriano
AsianJeff,spritefnn
AsianJeff,stevewillsendit
AsianJeff,strawbys_
AsianJeff,tahifn
AsianJeff,tozeoftw
AsianJeff,tweaks
AsianJeff,volx
AsianJeff,whofishy
AsianJeff,xOwNz
AsianJeff,xXxTheFocuSxXx
AsianJeff,zachology
AsianJeff,zpxy
AsianJeff,zyfa
BATTLEFIELD,AfroSenjuTV
BATTLEFIELD,Aliythia
BATTLEFIELD,AlphaCast
BATTLEFIELD,Amouranth
BATTLEFIELD,Anil
BATTLEFIELD,As2piK
BATTLEFIELD,AuroraStarr
BATTLEFIELD,Babbalucy
BATTLEFIELD,BerriTV
BATTLEFIELD,Blundel
BATTLEFIELD,CapitanoCima
BATTLEFIELD,CarryEnfurecidoYT
BATTLEFIELD,ChristianVieriOfficial
BATTLEFIELD,Cousik
BATTLEFIELD,Datto
BATTLEFIELD,DimitriV2
BATTLEFIELD,EdenEsports
BATTLEFIELD,EinQuantumPro
BATTLEFIELD,EliGE
BATTLEFIELD,EnragedCinema
BATTLEFIELD,Enviosity
BATTLEFIELD,FakeAdeTv
BATTLEFIELD,Fiizy
BATTLEFIELD,Fortnite
BATTLEFIELD,GWBPS_en
BATTLEFIELD,Giggand
BATTLEFIELD,Gom4rt
BATTLEFIELD,HALtv
BATTLEFIELD,Himorta
BATTLEFIELD,INSCOPE21TV
BATTLEFIELD,IzunaTOP
BATTLEFIELD,JOk3R
BATTLEFIELD,JaeLeogrande
BATTLEFIELD,JalineKs
BATTLEFIELD,JeelTV
BATTLEFIELD,JezuzJrr
BATTLEFIELD,JohnFutUniverse
BATTLEFIELD,Joueur_du_Grenier
BATTLEFIELD,Jussetain
BATTLEFIELD,JustNutzOfficial
BATTLEFIELD,Kaaat_exe
BATTLEFIELD,KawauTV
BATTLEFIELD,Kerios
BATTLEFIELD,Kertus
BATTLEFIELD,Kitty_r6
BATTLEFIELD,LaureBV
BATTLEFIELD,Linaliaa
BATTLEFIELD,LittleBigWhale
BATTLEFIELD,Locklear
BATTLEFIELD,Macro
BATTLEFIELD,Mada
BATTLEFIELD,Mangel
BATTLEFIELD,Maximilian_DOOD
BATTLEFIELD,Mayichi
BATTLEFIELD,MckyTV
BATTLEFIELD,Mezzogiorno
BATTLEFIELD,Mickalow
BATTLEFIELD,MikeShowSha
BATTLEFIELD,Mingod
BATTLEFIELD,MissaSinfonia
BATTLEFIELD,MontanaBlack88
BATTLEFIELD,MrFoxinSocks
BATTLEFIELD,NBA
BATTLEFIELD,NairamTv
BATTLEFIELD,NaykedTV
BATTLEFIELD,NeoNess007
BATTLEFIELD,Ninjottv
BATTLEFIELD,OGN_EMPIRES
BATTLEFIELD,Pandrezz
BATTLEFIELD,Pokemon
BATTLEFIELD,Qrissy
BATTLEFIELD,Raptor
BATTLEFIELD,Rasmelthor
BATTLEFIELD,RobertoCein
BATTLEFIELD,Runebee
BATTLEFIELD,S7ORMyTv
BATTLEFIELD,ShuKzNorris
BATTLEFIELD,Silk
BATTLEFIELD,Sixquatre
BATTLEFIELD,Smixxa
BATTLEFIELD,SonyaTheEvil
BATTLEFIELD,Splitgate
BATTLEFIELD,Stewie2K
BATTLEFIELD,StreamiiiTV
BATTLEFIELD,Streamlabs
BATTLEFIELD,Sweet_Anita
BATTLEFIELD,SypherVS
BATTLEFIELD,TEBtv
BATTLEFIELD,TheJoyPadz
BATTLEFIELD,TigerYUUK
BATTLEFIELD,Trainwreckstv
BATTLEFIELD,TwitchFarming
BATTLEFIELD,TwitchJP
BATTLEFIELD,TwitchPresentsFR
BATTLEFIELD,TwitchRivals
BATTLEFIELD,Vrax
BATTLEFIELD,Warframe
BATTLEFIELD,Zaboutine
BATTLEFIELD,ZeratoR
BATTLEFIELD,aceu
BATTLEFIELD,aroyitt
BATTLEFIELD,brigitte_lecordier
BATTLEFIELD,dahmien7
BATTLEFIELD,dakotaz
BATTLEFIELD,deadmau5
BATTLEFIELD,dota2ti
BATTLEFIELD,douglas_tv
BATTLEFIELD,eliasn97
BATTLEFIELD,forsen
BATTLEFIELD,gonsabellla
BATTLEFIELD,imsKo
BATTLEFIELD,komanche
BATTLEFIELD,kyborgtv
BATTLEFIELD,m0NESYoF
BATTLEFIELD,masondota2
BATTLEFIELD,nahzinhaa
BATTLEFIELD,nowayzao
BATTLEFIELD,pashaBiceps
BATTLEFIELD,pokelawls
BATTLEFIELD,rafakkov
BATTLEFIELD,realMoji
BATTLEFIELD,rociodta
BATTLEFIELD,s1mple
BATTLEFIELD,savyultras90
BATTLEFIELD,twitchgaming
BATTLEFIELD,veronika
BATTLEFIELD,xQcOW
BATTLEFIELD,xlightmoonx
BATTLEFIELD,xxantoinedanielxx
BATTLEFIELD,yoyolen
BATTLEFIELD,zacknani
BobRoss,AOC
BobRoss,AdrianFartade
BobRoss,Albralelie
BobRoss,Altrive
BobRoss,Amouranth
BobRoss,BagheraJones
BobRoss,Behzinga
BobRoss,BenRice_PLG
BobRoss,BenS_MTG
BobRoss,BlackNerdGames
BobRoss,BruceGreene
BobRoss,CauetTV
BobRoss,CompletedItMate
BobRoss,ContriCode
BobRoss,DPiddy_
BobRoss,DarioMocciaTwitch
BobRoss,DashCamOwnersAus
BobRoss,Dropped
BobRoss,Drumsy
BobRoss,DuncanCantDie
BobRoss,Eret
BobRoss,Erinyeen
BobRoss,ErkanUndStefan
BobRoss,FabienneXIII
BobRoss,Faide
BobRoss,FantaBobShow
BobRoss,Fat_Clouds
BobRoss,Faux
BobRoss,Fayesxh
BobRoss,FeelsIncredibleMan
BobRoss,Framed
BobRoss,FunFPS
BobRoss,GamingHistorian
BobRoss,GeneralSam123
BobRoss,GernaderJake
BobRoss,GiornoGaming
BobRoss,GoldExgle
BobRoss,H0llyLP
BobRoss,Hugo_One
BobRoss,HusKerrs
BobRoss,Insomniac
BobRoss,Jacobful
BobRoss,Jay3
BobRoss,JayzTwoCents
BobRoss,Jerma985
BobRoss,Jev
BobRoss,JimmyBoyyy
BobRoss,JoeWo
BobRoss,JollyWangcore
BobRoss,JoltzDude139
BobRoss,Joueur_du_Grenier
BobRoss,Kacy
BobRoss,KatiKarenina
BobRoss,Ki11erSix
BobRoss,LDSylvr
BobRoss,LetsTaddl
BobRoss,MaTaFe_
BobRoss,MacieJay
BobRoss,Mande
BobRoss,MckyTV
BobRoss,Mendo
BobRoss,Minion777
BobRoss,MontanaBlack88
BobRoss,MrBboy45
BobRoss,Multicort
BobRoss,MyMisterFruit
BobRoss,Mynthos
BobRoss,NiklasWilson
BobRoss,Nintendo
BobRoss,NintendoItalia
BobRoss,Nokokopuffs
BobRoss,Olive
BobRoss,PIPE_CREW
BobRoss,PainLivestream
BobRoss,Phenrir_Mailoki
BobRoss,Philza
BobRoss,Pieface23
BobRoss,PlayHearthstoneFR
BobRoss,Quig
BobRoss,RanbooLive
BobRoss,RareDrop
BobRoss,Reddoons
BobRoss,Reed
BobRoss,Rogue
BobRoss,SONII
BobRoss,ShivFPS
BobRoss,SirLarr
BobRoss,SkillSpecs
BobRoss,SmallAnt
BobRoss,Smoke
BobRoss,SpeedSilver
BobRoss,Squeezie
BobRoss,Staiy
BobRoss,Streamlabs
BobRoss,Super_Noodle
BobRoss,Swagg
BobRoss,Sweatcicle
BobRoss,Sykkuno
BobRoss,Syndicate
BobRoss,Synq
BobRoss,TANZVERBOT
BobRoss,TBJZL
BobRoss,TSM_ImperialHal
BobRoss,Teawrex
BobRoss,Terracid
BobRoss,Testyment
BobRoss,TheMidnightOfficial
BobRoss,ThePruld
BobRoss,TheRealKnossi
BobRoss,TheStockGuy
BobRoss,ThefishouGO
BobRoss,TommyKayLIVE
BobRoss,Trymacs
BobRoss,Vikkstar123
BobRoss,W2S
BobRoss,Waifu
BobRoss,Wallibear
BobRoss,WankilStudio
BobRoss,XLTom_
BobRoss,YurikoTiger
BobRoss,Zerkaa
BobRoss,ZipsEsports
BobRoss,Zulu
BobRoss,aceu
BobRoss,ashdog
BobRoss,cyr
BobRoss,dunkstream
BobRoss,eliasn97
BobRoss,erobb221
BobRoss,fuslie
BobRoss,gameygameyshow
BobRoss,gebauermarc
BobRoss,gutsluvr
BobRoss,hashtag_stokes
BobRoss,iRepptar
BobRoss,iiTzTimmy
BobRoss,ilMasseo
BobRoss,illumina1337
BobRoss,ivycomb
BobRoss,izzimouse
BobRoss,jojosolos
BobRoss,jonsmiff
BobRoss,karljacobs
BobRoss,karlnetwork
BobRoss,lenamoon_
BobRoss,lestream
BobRoss,logic
BobRoss,lollujo
BobRoss,loltyler1
BobRoss,loustreams
BobRoss,m0xyy
BobRoss,miniminter
BobRoss,mistermv
BobRoss,moistcr1tikal
BobRoss,nomstrositi
BobRoss,nyanners
BobRoss,pokelawls
BobRoss,sambucha
BobRoss,serious
BobRoss,shaperka
BobRoss,shme
BobRoss,stormen
BobRoss,tommyinnit
BobRoss,xo_trixy
Bugha,AQUINOby2002
Bugha,AZRA
Bugha,Advyth
Bugha,AleccAU
Bugha,Alliege
Bugha,Ampeterby7
Bugha,Antfrost
Bugha,AriGameplays
Bugha,AussieAntics
Bugha,AverageJonas
Bugha,Badlinu
Bugha,BarcaGamer
Bugha,BirdofChess
Bugha,Bobicraftmc
Bugha,Brawlhalla
Bugha,Burgoita
Bugha,Chanzes
Bugha,Chica
Bugha,ChickenItza1
Bugha,Clix
Bugha,CoachTimmy
Bugha,DragonRG
Bugha,ElMariana
Bugha,ElSpreen
Bugha,Elit3
Bugha,EmadGG
Bugha,EpikWhale
Bugha,FaZeBlaze
Bugha,FaZeSway
Bugha,Fortnite
Bugha,GRONKH
Bugha,Governor
Bugha,Grimm
Bugha,Hiko
Bugha,Jelty
Bugha,Jinxy
Bugha,JonahP
Bugha,JoshStrifeHayes
Bugha,Juanposite
Bugha,JustaMinx
Bugha,Jynx
Bugha,LaMarmotaEspacial_
Bugha,Letshe
Bugha,Leynainu
Bugha,LoncheDeHuevito
Bugha,Loserfruit
Bugha,MYM_ALKAPONE
Bugha,Metaphor
Bugha,MissaSinfonia
Bugha,Mongraal
Bugha,Muzz
Bugha,NAKOO_Fn
Bugha,NBA
Bugha,NICKMERCS
Bugha,Naughty
Bugha,Nephtunie
Bugha,NickEh30
Bugha,NikitonipongoTV
Bugha,Nili_AoE
Bugha,NinjSZN
Bugha,Ninja
Bugha,NoahWPlays
Bugha,Patriota
Bugha,Pham
Bugha,Punisher
Bugha,QuarterJade
Bugha,RanbooLive
Bugha,Ranger
Bugha,Rel_FN
Bugha,RobertoCein
Bugha,Robleis
Bugha,Rubius
Bugha,Safiro_FK
Bugha,Shiphtur
Bugha,ShivFPS
Bugha,Sizz
Bugha,Slick
Bugha,Slimecicle
Bugha,Sommerset
Bugha,SoyPan
Bugha,Spt083
Bugha,Spxtacular
Bugha,StableRonaldo
Bugha,StarWraith
Bugha,Stephy
Bugha,Strib
Bugha,Subroza
Bugha,Symfuhny
Bugha,SypherPK
Bugha,TSM_ImperialHal
Bugha,TSM_Viss
Bugha,Tekmarrr
Bugha,Tfue
Bugha,TheDanDangler
Bugha,TheGrefg
Bugha,TheNicoleT
Bugha,ThePeachCobbler
Bugha,TheVirtualFloof
Bugha,Tocata
Bugha,VALORANT
Bugha,Wallibear
Bugha,WestJett
Bugha,WilburSoot
Bugha,Xavi
Bugha,Xlice
Bugha,YeniStriker
Bugha,ZoK3R
Bugha,aceu
Bugha,actingliketommy
Bugha,aimsey
Bugha,antonychenn
Bugha,benjyfishy
Bugha,blackelespanolito
Bugha,blake
Bugha,cloakzy
Bugha,daltoosh
Bugha,danielharrison
Bugha,dapr
Bugha,deky
Bugha,deyyszn
Bugha,dish
Bugha,elded
Bugha,iiTzTimmy
Bugha,juansguarnizo
Bugha,karlnetwork
Bugha,komanche
Bugha,lic_dacor
Bugha,lily_charles
Bugha,mamabenjyfishy1
Bugha,michaelreeves
Bugha,nukkye
Bugha,pgod
Bugha,pokimane
Bugha,robz
Bugha,ryux
Bugha,s0mcs
Bugha,scoped
Bugha,sin6n
Bugha,sinatraa
Bugha,slayeas
Bugha,slite2k_
Bugha,stellarMeesh
Bugha,sujagg
Bugha,tmotty
Bugha,tommyinnit
Bugha,tommyinnitalt
Bugha,vkimm
Bugha,volx
Bugha,widow
Bugha,x2Twins
Bugha,xc3jo
Bugha,zachology
Bugha,AGBIN3R
Bugha,AdinRoss
Bugha,Advyth
Bugha,Alliege
Bugha,AriGameplays
Bugha,AussieAntics
Bugha,Aydan
Bugha,BENIJU03
Bugha,BazzaGazza
Bugha,Chanzes
Bugha,Chica
Bugha,Clix
Bugha,Cozy
Bugha,Crayator
Bugha,DukezFN
Bugha,ElCesarOne
Bugha,EmadGG
Bugha,FaZeSway
Bugha,Fenya
Bugha,Forky
Bugha,FrtingGlitter
Bugha,Governor
Bugha,Hiperop
Bugha,IamCristinini
Bugha,Im_Dontai
Bugha,Jelty
Bugha,Joe_Bartolozzi
Bugha,JorgeIsaac115
Bugha,Jynx
Bugha,KYR_SP33DY
Bugha,Kaemiii
Bugha,Loserfruit
Bugha,MIRWANA
Bugha,Macanaka
Bugha,ManuA12
Bugha,Mongraal
Bugha,MrSavage
Bugha,NickEh30
Bugha,NimuVT
Bugha,Ninja
Bugha,Oatley
Bugha,Overstrand
Bugha,PapiBlast
Bugha,Patriota
Bugha,Ranger
Bugha,Reetlol
Bugha,Robleis
Bugha,STPeach
Bugha,Shadoune666
Bugha,Slastt
Bugha,Slick
Bugha,Sommerset
Bugha,Speedy
Bugha,Spt083
Bugha,Spxtacular
Bugha,StableRonaldo
Bugha,SypherPK
Bugha,Tekmarrr
Bugha,TheGrefg
Bugha,TheNicoleT
Bugha,ThePeachCobbler
Bugha,VinnyB
Bugha,Zemie
Bugha,actingliketommy
Bugha,anna_paull
Bugha,artewis_
Bugha,aziakiara
Bugha,benjyfishy
Bugha,blxckoutz
Bugha,buckefps
Bugha,bully
Bugha,christy
Bugha,dapr
Bugha,deyyszn
Bugha,elded
Bugha,itsJerian
Bugha,kkimvu
Bugha,mamabenjyfishy1
Bugha,merkeddtv
Bugha,mero
Bugha,mitr0
Bugha,nicksfps
Bugha,oKINGBR
Bugha,ops1x
Bugha,pulgaboy
Bugha,ryux
Bugha,tahifn
Bugha,tylerfunke
Bugha,volx
Bugha,x2Twins
Bugha,xlightmoonx
Bugha,yalexer
Bugha,yeSloth
CR_rion,ANDROIDX
CR_rion,AverageJonas
CR_rion,DeliciousMilkGG
CR_rion,FarhadXRay
CR_rion,Fortnite
CR_rion,GrappLr
CR_rion,Grimm
CR_rion,HUYNH
CR_rion,HighGai
CR_rion,Hiko
CR_rion,Jasper7se
CR_rion,Kamito_JP
CR_rion,Lazvell
CR_rion,LotharHS
CR_rion,Mondo23
CR_rion,Myth
CR_rion,Ninja
CR_rion,OfficialBoaster
CR_rion,Onmuu
CR_rion,ProMise9k
CR_rion,RTAinJapan
CR_rion,Relyks
CR_rion,RiskivzyAtz
CR_rion,SPYGEA
CR_rion,Selly55
CR_rion,ShahZaM
CR_rion,ShermieCos
CR_rion,Snip3down
CR_rion,StanSmith_jp
CR_rion,Subroza
CR_rion,Szychu
CR_rion,TSM_ImperialHal
CR_rion,Teeqzy_
CR_rion,TenZ
CR_rion,VALORANT
CR_rion,Vein
CR_rion,Vor3z_
CR_rion,Zellsis
CR_rion,a_babybay
CR_rion,aceu
CR_rion,alelu
CR_rion,autimaticTV
CR_rion,crashies
CR_rion,dapr
CR_rion,dep_ow
CR_rion,drone
CR_rion,fps_shaka
CR_rion,freshlobsterCCG
CR_rion,guiiimond
CR_rion,k3soju
CR_rion,k4sen
CR_rion,keloqzinho
CR_rion,makiba7
CR_rion,mcd00dle
CR_rion,mmafu_
CR_rion,nAts
CR_rion,neth3
CR_rion,nniru
CR_rion,nosyy
CR_rion,oitan_
CR_rion,rara
CR_rion,reika_kyochannel
CR_rion,reitathefps
CR_rion,s0mcs
CR_rion,sakuramimiru
CR_rion,seoldam99
CR_rion,shroud
CR_rion,sinatraa
CR_rion,softi
CR_rion,steel_tv
CR_rion,stylishnoob4
CR_rion,ta1yo_tv
CR_rion,tarik
CR_rion,toto02033
CR_rion,uzra
CR_rion,valorant_jpn
CR_rion,xQcOW
CR_rion,zepher
Caedrel,39daph
Caedrel,8cho
Caedrel,AdrianaChechik_
Caedrel,AlexiaRaye
Caedrel,Amouranth
Caedrel,Asmongold
Caedrel,AugustUwU
Caedrel,BLASTPremier
Caedrel,BLASTtv
Caedrel,BLOU
Caedrel,BakeeZy
Caedrel,BondarMariano
Caedrel,Bwipolol
Caedrel,CDawgVA
Caedrel,CH14
Caedrel,Capi
Caedrel,Captainflowers22
Caedrel,ChaseShaco
Caedrel,Chess
Caedrel,CompletedItMate
Caedrel,DarkkMane
Caedrel,Darleeng
Caedrel,Deansocool
Caedrel,DiceCheck
Caedrel,DiegoBrance
Caedrel,DistantCoder
Caedrel,Doublelift
Caedrel,Drututt
Caedrel,DumbsYT
Caedrel,Dzukill
Caedrel,ESL_CSGOb
Caedrel,ESL_CSGOc
Caedrel,Eillax
Caedrel,EisohneWaffel
Caedrel,ElOjoNinja
Caedrel,Elite500
Caedrel,Elosanta
Caedrel,Emiru
Caedrel,EsfandTV
Caedrel,FIFA_STYLO
Caedrel,FabienneXIII
Caedrel,Faker
Caedrel,Flashpoint
Caedrel,FlyQuest
Caedrel,GMHikaru
Caedrel,Gigguk
Caedrel,Giulie
Caedrel,Greekgodx
Caedrel,Hanssama
Caedrel,HasanAbi
Caedrel,IKeepItTaco
Caedrel,IWillDominate
Caedrel,Imfiredup
Caedrel,JOEYKAOTYK
Caedrel,Jankos
Caedrel,Jelty
Caedrel,JoshStrifeHayes
Caedrel,KarasMai
Caedrel,KatEvolved
Caedrel,Krepo
Caedrel,Kyedae
Caedrel,LAGTVMaximusBlack
Caedrel,LEC
Caedrel,LPL
Caedrel,LeeandLie
Caedrel,Ler0v
Caedrel,Lina
Caedrel,Lo0p__
Caedrel,LogicalSolutions
Caedrel,LosPollosTV
Caedrel,Lumyng
Caedrel,MSLCSGO
Caedrel,Macaiyla
Caedrel,Makina
Caedrel,Maven
Caedrel,MeatyMarley
Caedrel,MedicCasts
Caedrel,Mikaylah
Caedrel,MiltonTPike1
Caedrel,Ming
Caedrel,Mizkif
Caedrel,MoAuba
Caedrel,Myth
Caedrel,Nalopia
Caedrel,NeckoLol
Caedrel,Necrit94
Caedrel,NimuVT
Caedrel,NintenChio
Caedrel,Nissaxter
Caedrel,Odablock
Caedrel,OfficialEvelynClaire
Caedrel,OuterFF
Caedrel,PABELLON_4
Caedrel,PENTA
Caedrel,PantsAreDragon
Caedrel,Payo
Caedrel,PekinWoof
Caedrel,PinkWardlol
Caedrel,PokemonChallenges
Caedrel,PolTattoo
Caedrel,Posty
Caedrel,ProfessorAkali
Caedrel,Rekkles
Caedrel,Roddrinicolas
Caedrel,Sakul97
Caedrel,Sanchovies
Caedrel,Scarra
Caedrel,Sergiolivehd
Caedrel,ShackyHD
Caedrel,ShahZaM
Caedrel,Shotz
Caedrel,Shyanna
Caedrel,Smzinho
Caedrel,SofiKimmy
Caedrel,Solrose__
Caedrel,Souphyx
Caedrel,Spicalol
Caedrel,StarLadder_cs_en
Caedrel,Stoopzz_TV
Caedrel,Sykkuno
Caedrel,Symfuhny
Caedrel,TSM_Bjergsen
Caedrel,TheAlbertChang
Caedrel,TheAn1meMan
Caedrel,TheRSGuy
Caedrel,Thesterge
Caedrel,Trainwreckstv
Caedrel,TrashTastePodcast
Caedrel,TrueGeordie
Caedrel,Twayko
Caedrel,Werlyb
Caedrel,WillerZ
Caedrel,Xaryu
Caedrel,XenoBlur
Caedrel,YEKINDAR
Caedrel,Yassuo
Caedrel,Yuli
Caedrel,ZED99_lol
Caedrel,Zianni
Caedrel,Zwag
Caedrel,aroyitt
Caedrel,auronplay
Caedrel,avengerlol1
Caedrel,baoo
Caedrel,boxbox
Caedrel,broxh_
Caedrel,buddha
Caedrel,caps
Caedrel,carzzy
Caedrel,casimito
Caedrel,cdewx
Caedrel,chrissyofficial
Caedrel,coldzin
Caedrel,comunivia
Caedrel,coscu
Caedrel,couchy
Caedrel,danoc0
Caedrel,degst3r
Caedrel,el_yuste
Caedrel,elweroking
Caedrel,ernesBarbeQ
Caedrel,fanfan
Caedrel,foxplushy
Caedrel,gamergirl
Caedrel,getFlakked
Caedrel,imaqtpie
Caedrel,imfrosk
Caedrel,jacksepticeye
Caedrel,jacksfilms
Caedrel,jjjjoaco
Caedrel,jvna
Caedrel,katskratchh
Caedrel,kcenvivo
Caedrel,kennybeats
Caedrel,lilypichu
Caedrel,logic
Caedrel,lol_nemesis
Caedrel,lol_selfmade
Caedrel,loltyler1
Caedrel,ludwig
Caedrel,maia
Caedrel,mehdideluxe
Caedrel,michaelreeves
Caedrel,midbeast
Caedrel,miniminter
Caedrel,mmmilagros
Caedrel,moistcr1tikal
Caedrel,nafany_
Caedrel,nawwkK
Caedrel,noahsebastian_
Caedrel,nyanners
Caedrel,ocelote
Caedrel,ohaidiana
Caedrel,omie
Caedrel,ortoPilot
Caedrel,paulaeal
Caedrel,peterparkTV
Caedrel,pokelawls
Caedrel,pokimane
Caedrel,rigoncs
Caedrel,shelao
Caedrel,shroud
Caedrel,shugiishugii
Caedrel,sjokz
Caedrel,sodapoppin
Caedrel,solarbacca
Caedrel,starsmitten
Caedrel,summit1g
Caedrel,syrs0n
Caedrel,tarzaned
Caedrel,theneedledrop
Caedrel,theroots
Caedrel,titanlol1
Caedrel,tmartosnen
Caedrel,tudsoNN
Caedrel,tvaztecaesports
Caedrel,venruki
Caedrel,vuctoria
Caedrel,whitelotuslol
Caedrel,yang
CharlParkesx,3gerardpique
CharlParkesx,AdinRoss
CharlParkesx,Agholor
CharlParkesx,Aimzyy
CharlParkesx,Amar
CharlParkesx,AussieAntics
CharlParkesx,AvaJC
CharlParkesx,AznBoi
CharlParkesx,BLOU
CharlParkesx,BasicBimboo
CharlParkesx,BiancaAntisera
CharlParkesx,BrookeAB
CharlParkesx,Bugha
CharlParkesx,CelestiaVega
CharlParkesx,Chap
CharlParkesx,ChefShabba
CharlParkesx,Chica
CharlParkesx,Clix
CharlParkesx,ComedyShortsGamer
CharlParkesx,DJMissShelton
CharlParkesx,Daisy
CharlParkesx,DaisyyMichelle
CharlParkesx,DevonJenelle
CharlParkesx,Doggydogg20
CharlParkesx,Dukeofanukes
CharlParkesx,DukezFN
CharlParkesx,EmadGG
CharlParkesx,Enable
CharlParkesx,Eomzo_
CharlParkesx,FaZeBlaze
CharlParkesx,FaZeSway
CharlParkesx,FabienneXIII
CharlParkesx,FabrizioRomano
CharlParkesx,Fandy
CharlParkesx,FanumTV
CharlParkesx,ForgiveJustin
CharlParkesx,Fortnite
CharlParkesx,Glidey
CharlParkesx,GloriaMatvien
CharlParkesx,Gotaga
CharlParkesx,H1ghSky1
CharlParkesx,HoneyPuu
CharlParkesx,Insomniac
CharlParkesx,Jamper
CharlParkesx,Jessu
CharlParkesx,Jiggy
CharlParkesx,JohnnyBoi_i
CharlParkesx,JordanFisher
CharlParkesx,JustMaddyx
CharlParkesx,JustineGriffin
CharlParkesx,KittyKatCarr
CharlParkesx,LaurenAlexis_x
CharlParkesx,Loserfruit
CharlParkesx,LuluLuvely
CharlParkesx,MaevysTV
CharlParkesx,MckyTV
CharlParkesx,Megga
CharlParkesx,MissKyliee
CharlParkesx,MistressMord
CharlParkesx,Mongraal
CharlParkesx,Morita
CharlParkesx,Mushway
CharlParkesx,NICKMERCS
CharlParkesx,NRG_Hamlinz
CharlParkesx,NRGgg
CharlParkesx,Nalopia
CharlParkesx,NateHill
CharlParkesx,Niamor_TV
CharlParkesx,NickEh30
CharlParkesx,Nicks
CharlParkesx,NoahWPlays
CharlParkesx,OLESYALIBERMAN
CharlParkesx,Olesami
CharlParkesx,Otto
CharlParkesx,Papaplatte
CharlParkesx,PriscillaLiaud
CharlParkesx,RAYO
CharlParkesx,Rain
CharlParkesx,RandumbsKingdumb
CharlParkesx,Ranger
CharlParkesx,Reetlol
CharlParkesx,Reverse2k
CharlParkesx,RiceGum
CharlParkesx,Rug
CharlParkesx,SSundeeGames
CharlParkesx,SarayaOfficial
CharlParkesx,ShootBeKillin
CharlParkesx,Sjokoladen
CharlParkesx,Slobings
CharlParkesx,SolaryFortnite
CharlParkesx,Sommerset
CharlParkesx,Spinachee
CharlParkesx,Splyze
CharlParkesx,StableRonaldo
CharlParkesx,Streamlabs
CharlParkesx,Sweet_Anita
CharlParkesx,SypherPK
CharlParkesx,TSM_Daequan
CharlParkesx,Teeqzy_
CharlParkesx,Tfue
CharlParkesx,ThaBentist
CharlParkesx,ThatNerdChris
CharlParkesx,Victorias
CharlParkesx,VikiBlade
CharlParkesx,Yanni
CharlParkesx,Zirinic
CharlParkesx,al3xxandra
CharlParkesx,aliawgharvey
CharlParkesx,amustycow
CharlParkesx,angiey
CharlParkesx,anthonyssenpai
CharlParkesx,aquav2_
CharlParkesx,benjyfishy
CharlParkesx,breebunn
CharlParkesx,brialeigh
CharlParkesx,bully
CharlParkesx,catypo
CharlParkesx,cloakzy
CharlParkesx,demisux
CharlParkesx,denogeanyoutube
CharlParkesx,deyyszn
CharlParkesx,flobbycr
CharlParkesx,freyzplayz
CharlParkesx,futcrunch
CharlParkesx,galex
CharlParkesx,ibai
CharlParkesx,impulseSV
CharlParkesx,isavbarr
CharlParkesx,iskall85
CharlParkesx,iziprime
CharlParkesx,jivantv
CharlParkesx,justfoxii
CharlParkesx,kodigogg
CharlParkesx,kristinemaia
CharlParkesx,maleon_tv
CharlParkesx,mamabenjyfishy1
CharlParkesx,mauie
CharlParkesx,mero
CharlParkesx,mortenroyale
CharlParkesx,qtclaps
CharlParkesx,russotalks
CharlParkesx,shroud
CharlParkesx,sofie_amaliee
CharlParkesx,stevewillsendit
CharlParkesx,suppyguppy
CharlParkesx,theatrinidad
CharlParkesx,uncerttt
CharlParkesx,unsympathisch_tv
CharlParkesx,vinnie
CharlParkesx,vohlii
CharlParkesx,x2Twins
CharlParkesx,xGeeVee
CharlParkesx,xnanatyx
CharlParkesx,zaxy
Chica,Alliege
Chica,AriGameplays
Chica,Arkhram
Chica,Aydan
Chica,BadBoyHalo
Chica,BotezLiveDark
Chica,BrookeAB
Chica,CRIIIZUX
Chica,ChickenItza1
Chica,Clix
Chica,DennyBud
Chica,DropsByPonk
Chica,ElSpreen
Chica,FaZeBlaze
Chica,FaZeKay
Chica,FaZeSway
Chica,FarmerJohn
Chica,Foolish_Gamers
Chica,Fundy
Chica,Gemita
Chica,GeorgeNotFound
Chica,HusKerrs
Chica,ImKaiCenat
Chica,JLoveTV
Chica,JackManifoldTV
Chica,Jelty
Chica,JoeWo
Chica,Kalei
Chica,KingWoolz
Chica,Loserfruit
Chica,LuckyChamu
Chica,Marii
Chica,Markiplier
Chica,Mikaylah
Chica,Mongraal
Chica,Myth
Chica,NICKMERCS
Chica,NRG_Hamlinz
Chica,Nalopia
Chica,Natarsha
Chica,NickEh30
Chica,Nightbot
Chica,Nihachu
Chica,Ninja
Chica,PaoFelix
Chica,PaolaOjedda
Chica,Philza
Chica,Purpled
Chica,RanbooLive
Chica,Ranger
Chica,Reetlol
Chica,Replays
Chica,Rubius
Chica,Rug
Chica,SAEVID
Chica,SSSWolf
Chica,Sapnap
Chica,Seapeekay
Chica,Skermz
Chica,SkylordJordan
Chica,Slick
Chica,Sommerset
Chica,SoyPan
Chica,StableRonaldo
Chica,Swagg
Chica,SypherPK
Chica,TSM_Daequan
Chica,TeeGrizzley
Chica,TheBoiSantana
Chica,TheGrefg
Chica,ThePeachCobbler
Chica,TinaKitten
Chica,Tocata
Chica,Tommey
Chica,TrishaHershberger
Chica,Tubbo
Chica,TubboLIVE
Chica,WilburSoot
Chica,YolaMartinez
Chica,actingliketommy
Chica,aircool
Chica,amisiita
Chica,andyvenchha
Chica,anthonyssenpai
Chica,benjyfishy
Chica,camilleettv
Chica,demisux
Chica,dubs
Chica,fqnos
Chica,gutsluvr
Chica,itsrachryan
Chica,johnnyyoung115
Chica,k1ng
Chica,karljacobs
Chica,lilsimsie
Chica,lindsfry
Chica,mrbeast6000
Chica,nchammer23
Chica,noobkingsmith
Chica,officialspiceking
Chica,onlyjayus
Chica,pgod
Chica,pokimane
Chica,ranboobutnot
Chica,riversan
Chica,sofi_corro
Chica,spideyarmy
Chica,sujagg
Chica,tcTekk
Chica,tommyinnit
Chica,x2Twins
Chicago,72hrs
Chicago,AYYJAYY
Chicago,AdinRoss
Chicago,Allushin
Chicago,Alpha54
Chicago,AlphaKep
Chicago,AnnaCramling
Chicago,Arsenal
Chicago,Athena
Chicago,Atrioc
Chicago,BLOU
Chicago,Beaulo
Chicago,Breezi_EU
Chicago,Bugha
Chicago,Burn
Chicago,CalebCity
Chicago,Castro_1021
Chicago,Chica
Chicago,CollegeCarball
Chicago,Dappur
Chicago,Demonifying
Chicago,Dezignful
Chicago,DreamHackFN
Chicago,DukezFN
Chicago,E3
Chicago,ElOmarMaton
Chicago,ErycTriceps
Chicago,Evample2
Chicago,Extra
Chicago,Fireburner
Chicago,Firstkiller
Chicago,Flair
Chicago,Flight23white
Chicago,Forky
Chicago,Freneh
Chicago,FunkBomb
Chicago,G2Esports
Chicago,GRONKH
Chicago,GaiaClerici
Chicago,Galadriex
Chicago,GarrettG
Chicago,GeT_RiGhT
Chicago,Guhberry
Chicago,HLTVorg
Chicago,ImKaiCenat
Chicago,ItsJSTN
Chicago,JKnapsRL
Chicago,JOISPOI24
Chicago,Jawsh
Chicago,JodyJDC
Chicago,JohnnyBoi_i
Chicago,JonSandman
Chicago,Jorhdys
Chicago,KamiiRL
Chicago,Kaydop
Chicago,Keife_
Chicago,Kiaraakitty
Chicago,Kinseh
Chicago,Kiryache32
Chicago,Lalna
Chicago,Lawler
Chicago,LionBlaze
Chicago,Loserfruit
Chicago,MOnkeyM00n
Chicago,MacieJay
Chicago,Macro
Chicago,Mappelz
Chicago,Mile1738
Chicago,Minecraft
Chicago,Mollu
Chicago,Mongraal
Chicago,Myth
Chicago,NRG_JZR
Chicago,NRGgg
Chicago,Naughty
Chicago,Nightbot
Chicago,Ninja
Chicago,Pethy
Chicago,PimpCSGO
Chicago,PoorBoySin
Chicago,Prinsipe
Chicago,QuackityToo
Chicago,Reetlol
Chicago,RetalsRL
Chicago,Rizzo
Chicago,RocketLeague
Chicago,RocketLeagueAPAC
Chicago,RocketLeagueCentral
Chicago,RocketLeagueMENA
Chicago,RogueGG
Chicago,SSL_Stone
Chicago,STPeach
Chicago,Scrub
Chicago,ShahZaM
Chicago,ShockRL
Chicago,SicK_cs
Chicago,Silky
Chicago,Sizz
Chicago,Sotus
Chicago,Spacestation
Chicago,Spoodah
Chicago,SquishyMuffinz
Chicago,Subroza
Chicago,SypherPK
Chicago,TSM_Daequan
Chicago,TarocoRL
Chicago,TeamLiquid
Chicago,Thanovic
Chicago,Turbopolsa
Chicago,TwitchRivals
Chicago,UGC
Chicago,VarsityGaming
Chicago,Wayton
Chicago,WePlayRocketLeague
Chicago,WondaMikey
Chicago,Yogscast
Chicago,akaNemsko
Chicago,amustycow
Chicago,apparentlyjack_rl
Chicago,benjyfishy
Chicago,cHARGINGDINGLE
Chicago,chell
Chicago,computerchess
Chicago,cslesportsgg
Chicago,cuptoast
Chicago,cyr
Chicago,dapr
Chicago,deyyszn
Chicago,dreaz
Chicago,dunkstream
Chicago,fruity
Chicago,gent
Chicago,gummick
Chicago,hockser
Chicago,iHasCupquake
Chicago,iiTzTimmy
Chicago,innocents
Chicago,karmaah
Chicago,lethamyr_rl
Chicago,ludwig
Chicago,miniminter
Chicago,ops1x
Chicago,playapex
Chicago,pokimane
Chicago,rolldizz
Chicago,runthefutmarket
Chicago,scoped
Chicago,shroud
Chicago,smqcked
Chicago,soulcas_
Chicago,stompy
Chicago,sypical
Chicago,tormentrl
Chicago,tristn
Chicago,turinturo
Chicago,tweaks
Chicago,xQcOW
Clix,ANGRYPUG
Clix,AYYJAYY
Clix,AbreezyENT
Clix,Aches_Gaming
Clix,AdinRoss
Clix,Advyth
Clix,Alixxa
Clix,Alliege
Clix,AlphaKep
Clix,Amouranth
Clix,AussieAntics
Clix,AvFN
Clix,Aydan
Clix,BLOU
Clix,Benny
Clix,BrookeAB
Clix,Bugha
Clix,Calculator
Clix,CallumFromTheCorner
Clix,Castro_1021
Clix,Chica
Clix,Co1azo
Clix,Daisy
Clix,Diffizzle
Clix,Doggydogg20
Clix,Duke
Clix,Dukeofanukes
Clix,DukezFN
Clix,EASPORTSFIFA
Clix,EmpirePlay
Clix,FaZeSway
Clix,Flight23white
Clix,Fluxury
Clix,Fortnite
Clix,GarrettG
Clix,Heelmike
Clix,ImKaiCenat
Clix,ItsJSTN
Clix,Joe_Bartolozzi
Clix,Jur3ky
Clix,KSIOlajidebt
Clix,LUCKYY10P
Clix,Loserfruit
Clix,Maddynf
Clix,MarkClarkk
Clix,MicawaveTV
Clix,Mongraal
Clix,Muzz
Clix,NICKMERCS
Clix,NRG_Hamlinz
Clix,NathanCavaleri
Clix,NickEh30
Clix,OliverOG
Clix,PrimeVideo
Clix,Prospering
Clix,Ranger
Clix,Reetlol
Clix,Replays
Clix,RiceGum
Clix,RocketLeague
Clix,SMii7Y
Clix,SirDimetrious
Clix,Sommerset
Clix,SquishyMuffinz
Clix,StableRonaldo
Clix,Swagg
Clix,Sweatcicle
Clix,Sykkuno
Clix,SypherPK
Clix,TBJZL
Clix,TaliaMar
Clix,Techy
Clix,TeeGrizzley
Clix,Tekmarrr
Clix,Tfue
Clix,TheGrefg
Clix,TooseFN
Clix,Vikkstar123
Clix,VinnyB
Clix,W2S
Clix,ZitoFN
Clix,aceu
Clix,aircool
Clix,almightyjay
Clix,amustycow
Clix,angiey
Clix,blxckoutz
Clix,bronny
Clix,chell
Clix,cxltures
Clix,deyyszn
Clix,faxuty
Clix,goldenfnm
Clix,iiTzTimmy
Clix,itsJerian
Clix,iziprime
Clix,jawhnnn
Clix,jivi
Clix,joji
Clix,livbev
Clix,lystens
Clix,mero
Clix,miniminter
Clix,nasher
Clix,neiltalksfooty
Clix,psycho_gummy
Clix,scump
Clix,spritefnn
Clix,strawbys_
Clix,tahifn
Clix,vinnie
Clix,x2Twins
Co1azo,AOC
Co1azo,AdinRoss
Co1azo,AeriytheNeko
Co1azo,AfricanSnowball
Co1azo,Annoying
Co1azo,AussieAntics
Co1azo,AussieBattlerz
Co1azo,AvoidingThePuddle
Co1azo,Axel_tv
Co1azo,BLOU
Co1azo,BaboAbe
Co1azo,Bammiesss
Co1azo,Bastiat
Co1azo,BeatEmUps
Co1azo,BigEx
Co1azo,BikeMan
Co1azo,BrookeAB
Co1azo,Bugha
Co1azo,CDNThe3rd
Co1azo,CONEY
Co1azo,Cerbero_Podcast
Co1azo,Chanzes
Co1azo,ChilledChaos
Co1azo,ChristianVieriOfficial
Co1azo,Clix
Co1azo,CobaltStreak
Co1azo,ESL_DOTA2
Co1azo,ESL_Mobile
Co1azo,EmadGG
Co1azo,EnriqueRamosGamer
Co1azo,FaZeSway
Co1azo,FabrizioRomano
Co1azo,Five0AnthO
Co1azo,Freneh
Co1azo,GsxrClyde
Co1azo,HOLLYWOOD285
Co1azo,HasanAbi
Co1azo,HyperRatTV
Co1azo,ImKaiCenat
Co1azo,ImNio
Co1azo,Im_Dontai
Co1azo,JOk3R
Co1azo,JSmoothHD
Co1azo,Jankos
Co1azo,Jeux
Co1azo,Joe_Bartolozzi
Co1azo,JohnWolfe
Co1azo,Josedeodo
Co1azo,Juggs
Co1azo,Kaceytron
Co1azo,Kailaa
Co1azo,KarasMai
Co1azo,KennoSV
Co1azo,Khalamity
Co1azo,KingGeorge
Co1azo,Kiyoon
Co1azo,Konvy
Co1azo,LCK_Korea
Co1azo,LPL
Co1azo,Legundo
Co1azo,Letshe
Co1azo,Liam
Co1azo,LosPollosTV
Co1azo,LucyL3in
Co1azo,LuluLuvely
Co1azo,LunaOni
Co1azo,Lyndi
Co1azo,MST3K
Co1azo,Marii
Co1azo,Matimi0
Co1azo,Milan926_
Co1azo,MrSavage
Co1azo,MrSoki
Co1azo,Myth
Co1azo,NAKOO_Fn
Co1azo,NICKMERCS
Co1azo,NRG_Hamlinz
Co1azo,Nakkida
Co1azo,Nexybtw
Co1azo,NickEh30
Co1azo,Nissaxter
Co1azo,Okis
Co1azo,OperatorDrewski
Co1azo,Overstrand
Co1azo,Pace22
Co1azo,PeteZahHutt
Co1azo,Plalism
Co1azo,Quantum
Co1azo,RRascal
Co1azo,Rallied
Co1azo,Ranger
Co1azo,Raunchy
Co1azo,Reetlol
Co1azo,Replays
Co1azo,Rhinne
Co1azo,RocketLeague
Co1azo,Rodey
Co1azo,S7ORMyTv
Co1azo,SirLarr
Co1azo,Slick
Co1azo,Sneegsnag
Co1azo,SneykingDota
Co1azo,SoaRDylan
Co1azo,Sommerset
Co1azo,Sprixer
Co1azo,Surefour
Co1azo,Swagg
Co1azo,Sweatcicle
Co1azo,Symfuhny
Co1azo,TSM_Daequan
Co1azo,Taryn
Co1azo,TeamSp00ky
Co1azo,Tekmarrr
Co1azo,Terroriser
Co1azo,Tfue
Co1azo,TheChief1114
Co1azo,TheDeluxe4
Co1azo,TheMrSark
Co1azo,Tocata
Co1azo,Tommey
Co1azo,Tri2Sin
Co1azo,TrueGeordie
Co1azo,TwitchRivals
Co1azo,VarsityGaming
Co1azo,Vinesauce
Co1azo,Wawa_dbfz
Co1azo,Wingsofdeath
Co1azo,Yogscast
Co1azo,ZaneSG__
Co1azo,Zemie
Co1azo,ZitoFN
Co1azo,actingliketommy
Co1azo,alaina_z
Co1azo,amustycow
Co1azo,anamarreroph
Co1azo,andyvenchha
Co1azo,angiey
Co1azo,benjyfishy
Co1azo,blxckoutz
Co1azo,botimegaming
Co1azo,bully
Co1azo,cdewx
Co1azo,cloakzy
Co1azo,elxokas
Co1azo,emmanuelbordonn
Co1azo,faxuty
Co1azo,fightinggm_tk
Co1azo,genefn
Co1azo,girl_dm_
Co1azo,itsJerian
Co1azo,jake_ow
Co1azo,jivantv
Co1azo,joeytuan
Co1azo,karlnetwork
Co1azo,lalem
Co1azo,luis__sal
Co1azo,metagame
Co1azo,moistcr1tikal
Co1azo,momotdcp94
Co1azo,naya
Co1azo,nyanners
Co1azo,ops1x
Co1azo,piso4
Co1azo,pokimane
Co1azo,pulgaboy
Co1azo,qtclaps
Co1azo,scar713
Co1azo,scoped
Co1azo,shroud
Co1azo,starsmitten
Co1azo,stevewillsendit
Co1azo,sujagg
Co1azo,sync
Co1azo,tahifn
Co1azo,theratahtat
Co1azo,tommyinnit
Co1azo,trihex
Co1azo,venruki
Co1azo,wayneradiotv
Co1azo,x2Twins
Co1azo,xProMvz
Co1azo,xSimey
Co1azo,yourragegaming
Co1azo,zDamascus
Co1azo,zachology
Co1azo,zaxy
DanTDM,Alliege
DanTDM,Amouranth
DanTDM,Antrax
DanTDM,BadBoyHalo
DanTDM,BurnieGav
DanTDM,CaptainPuffy
DanTDM,Chadtronic
DanTDM,DawkosGames
DanTDM,DotoDoya
DanTDM,Eddy_SKabeche
DanTDM,ElSpreen
DanTDM,Fortnite
DanTDM,Fundy
DanTDM,GeorgeNotFound
DanTDM,IJenz
DanTDM,Jelty
DanTDM,JoinenButOnTwitch
DanTDM,Linkzzey
DanTDM,Loserfruit
DanTDM,Markiplier
DanTDM,Nihachu
DanTDM,Ninja
DanTDM,PeteZahHutt
DanTDM,Philza
DanTDM,RanbooLive
DanTDM,Rhymestyle
DanTDM,Robleis
DanTDM,SB737
DanTDM,Sapnap
DanTDM,Seapeekay
DanTDM,SeeReaxTV
DanTDM,Shado_Temple
DanTDM,Sherbertquake56
DanTDM,SypherPK
DanTDM,TBNRfrags
DanTDM,TheGrefg
DanTDM,Thinknoodles
DanTDM,Tubbo
DanTDM,TubboLIVE
DanTDM,UberHaxorNova
DanTDM,WilburSoot
DanTDM,YegsTv
DanTDM,YuB_
DanTDM,aimsey
DanTDM,biusito
DanTDM,cxltures
DanTDM,darlingstrawb
DanTDM,elded
DanTDM,ggAcho
DanTDM,iBallisticSquid
DanTDM,ironmouse
DanTDM,itsJerian
DanTDM,ivycomb
DanTDM,jacksepticeye
DanTDM,juansguarnizo
DanTDM,karljacobs
DanTDM,lance210
DanTDM,moistcr1tikal
DanTDM,nyanners
DanTDM,pokimane
DanTDM,shroud
DanTDM,skeppy
DanTDM,tommyinnit
DanTDM,tommyinnitalt
DanTDM,wayneradiotv
DanTDM,xQcOW
DeadlyUncleJimmy,39daph
DeadlyUncleJimmy,ARUUU
DeadlyUncleJimmy,AdinRoss
DeadlyUncleJimmy,ArrumieShannon
DeadlyUncleJimmy,Arteezy
DeadlyUncleJimmy,AsianGuyStream
DeadlyUncleJimmy,AverageJonas
DeadlyUncleJimmy,BTMC
DeadlyUncleJimmy,Bandoot
DeadlyUncleJimmy,Cellbit
DeadlyUncleJimmy,CorinaBoettger
DeadlyUncleJimmy,DevinIAm
DeadlyUncleJimmy,Emongg
DeadlyUncleJimmy,Faker
DeadlyUncleJimmy,Flats
DeadlyUncleJimmy,Flights1
DeadlyUncleJimmy,FlowAscending
DeadlyUncleJimmy,Genburten
DeadlyUncleJimmy,GenshinImpactOfficial
DeadlyUncleJimmy,Hugofrost_osu
DeadlyUncleJimmy,Jazzyk1ns
DeadlyUncleJimmy,JinNynaja
DeadlyUncleJimmy,Jinnytty
DeadlyUncleJimmy,Kaemiii
DeadlyUncleJimmy,Kariyu
DeadlyUncleJimmy,KatsumiFPS
DeadlyUncleJimmy,Keeoh
DeadlyUncleJimmy,Kyedae
DeadlyUncleJimmy,Loserfruit
DeadlyUncleJimmy,MSFIIIRE
DeadlyUncleJimmy,NRG_Hamlinz
DeadlyUncleJimmy,Naysy
DeadlyUncleJimmy,Nephtunie
DeadlyUncleJimmy,NimuVT
DeadlyUncleJimmy,OfficialBoaster
DeadlyUncleJimmy,OperatorDrewski
DeadlyUncleJimmy,PPOMODOLI
DeadlyUncleJimmy,Pewdiepie
DeadlyUncleJimmy,Prissom
DeadlyUncleJimmy,Quackity
DeadlyUncleJimmy,Raelilblack
DeadlyUncleJimmy,RanbooLive
DeadlyUncleJimmy,Rubius
DeadlyUncleJimmy,STPeach
DeadlyUncleJimmy,Sammay
DeadlyUncleJimmy,Sera
DeadlyUncleJimmy,ShahZaM
DeadlyUncleJimmy,Shibuya_Kaho
DeadlyUncleJimmy,SicK_cs
DeadlyUncleJimmy,SilverPlayr
DeadlyUncleJimmy,Smajor
DeadlyUncleJimmy,Staryuuki
DeadlyUncleJimmy,Subroza
DeadlyUncleJimmy,Sykkuno
DeadlyUncleJimmy,TSM_Daequan
DeadlyUncleJimmy,TaehaTypes
DeadlyUncleJimmy,TaliaMar
DeadlyUncleJimmy,TenZ
DeadlyUncleJimmy,Tfue
DeadlyUncleJimmy,Tiffae
DeadlyUncleJimmy,TinaKitten
DeadlyUncleJimmy,Tubbo
DeadlyUncleJimmy,VALORANT
DeadlyUncleJimmy,W2S
DeadlyUncleJimmy,WARDELL
DeadlyUncleJimmy,Xlice
DeadlyUncleJimmy,Zeniet
DeadlyUncleJimmy,Zerkaa
DeadlyUncleJimmy,aceu
DeadlyUncleJimmy,alanzoka
DeadlyUncleJimmy,anosenpaii
DeadlyUncleJimmy,antonychenn
DeadlyUncleJimmy,bellum
DeadlyUncleJimmy,boxbox
DeadlyUncleJimmy,camilleettv
DeadlyUncleJimmy,chanse
DeadlyUncleJimmy,diceyzx
DeadlyUncleJimmy,dish
DeadlyUncleJimmy,elded
DeadlyUncleJimmy,ethos
DeadlyUncleJimmy,iiTzTimmy
DeadlyUncleJimmy,imaqtpie
DeadlyUncleJimmy,isaac_why
DeadlyUncleJimmy,itspaikon
DeadlyUncleJimmy,jacksepticeye
DeadlyUncleJimmy,joshseki
DeadlyUncleJimmy,justFREAM
DeadlyUncleJimmy,karagii
DeadlyUncleJimmy,kenna
DeadlyUncleJimmy,kennyS
DeadlyUncleJimmy,lilypichu
DeadlyUncleJimmy,lo_oshy
DeadlyUncleJimmy,meLanji
DeadlyUncleJimmy,merkeddtv
DeadlyUncleJimmy,miniminter
DeadlyUncleJimmy,moistcr1tikal
DeadlyUncleJimmy,nosyy
DeadlyUncleJimmy,nyanners
DeadlyUncleJimmy,p90princess
DeadlyUncleJimmy,paulanobre
DeadlyUncleJimmy,pikau
DeadlyUncleJimmy,ploo
DeadlyUncleJimmy,pokimane
DeadlyUncleJimmy,rb0f
DeadlyUncleJimmy,richwcampbell
DeadlyUncleJimmy,rociodta
DeadlyUncleJimmy,s0mcs
DeadlyUncleJimmy,sakurashymko
DeadlyUncleJimmy,schwiii
DeadlyUncleJimmy,seoahtv
DeadlyUncleJimmy,shanks_ttv
DeadlyUncleJimmy,shroud
DeadlyUncleJimmy,sinatraa
DeadlyUncleJimmy,tarik
DeadlyUncleJimmy,tuonto
DeadlyUncleJimmy,valorant_kr
DeadlyUncleJimmy,vkimm
DotaTV247,ASMR_Marie
DotaTV247,Aa9skillz
DotaTV247,Amouranth
DotaTV247,AnnieFuchsia
DotaTV247,Antfrost
DotaTV247,AnthonyZ
DotaTV247,AsmodaiTV
DotaTV247,AussieAntics
DotaTV247,Avdul
DotaTV247,BTNeandertha1
DotaTV247,Benny
DotaTV247,BeyondTheSummit
DotaTV247,BotezLive
DotaTV247,Bububu
DotaTV247,Bugha
DotaTV247,Burn
DotaTV247,CammyCakes
DotaTV247,Co1azo
DotaTV247,Cr1tdota
DotaTV247,DansGaming
DotaTV247,DatModz
DotaTV247,Dendi
DotaTV247,Diablo
DotaTV247,Doublelift
DotaTV247,ESL_DOTA2
DotaTV247,Ekuegan
DotaTV247,Elraenn
DotaTV247,EsfandTV
DotaTV247,EternaLEnVyy
DotaTV247,FCF
DotaTV247,FaZeSway
DotaTV247,Faide
DotaTV247,Faker
DotaTV247,Felipersa1
DotaTV247,Froggen
DotaTV247,GamesDoneQuick
DotaTV247,GernaderJake
DotaTV247,GoPapayas
DotaTV247,GosuGeneralTV
DotaTV247,Gumayusi
DotaTV247,HasanAbi
DotaTV247,Hungrybox
DotaTV247,IFrostBolt
DotaTV247,IJenz
DotaTV247,ImNio
DotaTV247,JASONR
DotaTV247,Jankos
DotaTV247,Japan_ASMR
DotaTV247,JayhoonTwitch
DotaTV247,JerAxai
DotaTV247,JohnWolfe
DotaTV247,JoshStrifeHayes
DotaTV247,JustCooman
DotaTV247,Lemur
DotaTV247,Limmy
DotaTV247,Lipperino
DotaTV247,LuckyLuciano_6
DotaTV247,LuluLuvely
DotaTV247,Macaiyla
DotaTV247,Maples
DotaTV247,MarkHoppus
DotaTV247,Mendo
DotaTV247,Miku
DotaTV247,Mizkif
DotaTV247,Monstercat
DotaTV247,MsToLHaCkEr
DotaTV247,NBA
DotaTV247,NICKMERCS
DotaTV247,Nakkida
DotaTV247,NastyaNuts
DotaTV247,NiceWigg
DotaTV247,Nightblue3
DotaTV247,Nokokopuffs
DotaTV247,Ogre2
DotaTV247,Onyx
DotaTV247,Panshui
DotaTV247,PinkTrilobite
DotaTV247,PremierWIFFLE
DotaTV247,PrimeVideo
DotaTV247,Quoarine_oficial
DotaTV247,Raeyei
DotaTV247,RakanooLive
DotaTV247,Ranger
DotaTV247,RazaH
DotaTV247,RealKraftyy
DotaTV247,Reetlol
DotaTV247,RelaxBeats
DotaTV247,Replays
DotaTV247,Sanchovies
DotaTV247,ScyDota
DotaTV247,Sekapoko
DotaTV247,ShahZaM
DotaTV247,SirActionSlacks
DotaTV247,SmallAnt
DotaTV247,Snip3down
DotaTV247,Sommerset
DotaTV247,Ssaab
DotaTV247,Stray228
DotaTV247,SunBaconRelaxer
DotaTV247,Swifty
DotaTV247,TFBlade
DotaTV247,TSM_ImperialHal
DotaTV247,TenZ
DotaTV247,Thesterge
DotaTV247,TobiasFate
DotaTV247,UberHaxorNova
DotaTV247,VisionaryRealms
DotaTV247,WARDELL
DotaTV247,WagamamaTV
DotaTV247,Weron8
DotaTV247,Whaazz
DotaTV247,ZOORET
DotaTV247,ZeplaHQ
DotaTV247,Zerkaa
DotaTV247,Ziqoftw
DotaTV247,ZkMushroom
DotaTV247,a_babybay
DotaTV247,actingliketommy
DotaTV247,ar1sedota
DotaTV247,blitzex_
DotaTV247,blxckoutz
DotaTV247,bobqinxd
DotaTV247,btssmash
DotaTV247,buddha
DotaTV247,chocoTaco
DotaTV247,dota2ti
DotaTV247,dota2ti_2
DotaTV247,dota2ti_3
DotaTV247,dota2ti_5
DotaTV247,dota2ti_cn
DotaTV247,dubudota
DotaTV247,febbydoto
DotaTV247,finalfantasyxiv
DotaTV247,forsen
DotaTV247,g1ntl
DotaTV247,hiswattson
DotaTV247,iAnnihilate
DotaTV247,ibai
DotaTV247,icebergdoto
DotaTV247,iltw1
DotaTV247,imStarmi
DotaTV247,ironmouse
DotaTV247,itsDen
DotaTV247,itsHafu
DotaTV247,joshseki
DotaTV247,jpctheman_
DotaTV247,keanelol
DotaTV247,laty1337
DotaTV247,loltyler1
DotaTV247,ludwig
DotaTV247,lukiluki
DotaTV247,maitoz
DotaTV247,masondota2
DotaTV247,moistcr1tikal
DotaTV247,monkeys_forever
DotaTV247,nickcash
DotaTV247,nl_Kripp
DotaTV247,otplol_
DotaTV247,peterpandam
DotaTV247,pilavpowa
DotaTV247,pokimane
DotaTV247,pulgaboy
DotaTV247,qojqva
DotaTV247,richwcampbell
DotaTV247,robinsongz
DotaTV247,root
DotaTV247,s0mcs
DotaTV247,s1mple
DotaTV247,sakiomi
DotaTV247,sneakylol
DotaTV247,spyerfrog
DotaTV247,steel_tv
DotaTV247,sumayyl
DotaTV247,tarzaned
DotaTV247,thedapperrapper
DotaTV247,twitchgaming
DotaTV247,vGumiho
DotaTV247,veronika
DotaTV247,xChocoBars
DotaTV247,xShatter
DotaTV247,ybicanoooobov
ESL_CSGO,2GD
ESL_CSGO,Alexclick
ESL_CSGO,Amouranth
ESL_CSGO,AndrewG
ESL_CSGO,AriGameplays
ESL_CSGO,ArrumieShannon
ESL_CSGO,BOBLEGOB
ESL_CSGO,Brawlhalla
ESL_CSGO,Butta
ESL_CSGO,CHEBKUMA
ESL_CSGO,CharlotteChessCenter
ESL_CSGO,ChessDojoLive
ESL_CSGO,ChessWeeb
ESL_CSGO,ChesscomEvents
ESL_CSGO,Crytek
ESL_CSGO,DaniiKills
ESL_CSGO,Diabotical
ESL_CSGO,DotaTV247
ESL_CSGO,ElMariana
ESL_CSGO,EscopetillasJhonson
ESL_CSGO,EternaLEnVyy
ESL_CSGO,Faide
ESL_CSGO,Forza
ESL_CSGO,Frigiel
ESL_CSGO,GMCanty
ESL_CSGO,Gaules
ESL_CSGO,GiannieLee
ESL_CSGO,Governor
ESL_CSGO,Henric
ESL_CSGO,HungryPandaLOL
ESL_CSGO,HydraOffi
ESL_CSGO,Idater
ESL_CSGO,IntrepidFoxTV
ESL_CSGO,JLBalti
ESL_CSGO,JLTomy
ESL_CSGO,JackTheRipperGB
ESL_CSGO,JavierMtz
ESL_CSGO,KiGuNiiN
ESL_CSGO,KnKZN
ESL_CSGO,Kosmic
ESL_CSGO,LOLTiesel
ESL_CSGO,LVNDMARK
ESL_CSGO,MarineMammalRescue
ESL_CSGO,MiziTW
ESL_CSGO,NBA
ESL_CSGO,NeedforSpeed
ESL_CSGO,Ninja
ESL_CSGO,OfficialtopguN
ESL_CSGO,OgamingLoL
ESL_CSGO,Oldschool
ESL_CSGO,PUBG_BATTLEGROUNDS
ESL_CSGO,PachecoFIFA98
ESL_CSGO,Phyzikk
ESL_CSGO,Proze
ESL_CSGO,QuarterJade
ESL_CSGO,Robleis
ESL_CSGO,RocketLeague
ESL_CSGO,STLChessClub
ESL_CSGO,Salvamdz
ESL_CSGO,Saullo
ESL_CSGO,Shadoune666
ESL_CSGO,ShahZaM
ESL_CSGO,SilverName
ESL_CSGO,SkyrrozTV
ESL_CSGO,SomeOrdinaryGamers
ESL_CSGO,Staryuuki
ESL_CSGO,TCEC_Chess_TV
ESL_CSGO,TFBlade
ESL_CSGO,TSM_ImperialHal
ESL_CSGO,TaehaTypes
ESL_CSGO,TenZ
ESL_CSGO,Tfue
ESL_CSGO,TheChief1114
ESL_CSGO,Thinknoodles
ESL_CSGO,Thomacky
ESL_CSGO,VALORANT
ESL_CSGO,VooDooSh
ESL_CSGO,Znorux
ESL_CSGO,bSweetyB
ESL_CSGO,bebe872
ESL_CSGO,boxbox
ESL_CSGO,buddha
ESL_CSGO,chowh1
ESL_CSGO,chuckmoulton
ESL_CSGO,darbian
ESL_CSGO,elded
ESL_CSGO,eldemente
ESL_CSGO,ferchangass
ESL_CSGO,iiTzTimmy
ESL_CSGO,imrosen
ESL_CSGO,keanelol
ESL_CSGO,loltyler1
ESL_CSGO,masondota2
ESL_CSGO,moistcr1tikal
ESL_CSGO,natalan
ESL_CSGO,otplol_
ESL_CSGO,pokimane
ESL_CSGO,shelbers
ESL_CSGO,shroud
ESL_CSGO,sin6n
ESL_CSGO,sinatraa
ESL_CSGO,solotic
ESL_CSGO,souljaboy
ESL_CSGO,tcTekk
ESL_CSGO,tiburciand0
ESL_CSGO,twitchgaming
ESL_CSGO,v1NCHENSO7
ESL_CSGO,x6FlipiN
